Page,Pageviews,Unique Pageviews,Avg. Time on Page,Entrances,Bounce Rate,% Exit,Page Value
(other),"101,970,728","95,984,124",0:02:21,"55,403,206",61.80%,57.92%,<$0.01
/home,"29,515,323","9,488,672",0:04:25,"8,763,470",25.30%,17.81%,$0.05 
/bangla/home,"4,790,426","1,343,430",0:04:34,"722,376",35.76%,14.40%,$0.06 
/english,"3,927,273","1,094,822",0:06:33,"354,092",27.89%,12.11%,$1.00 
/business,"845,531","570,445",0:01:22,"119,162",37.46%,24.55%,$0.02 
/todays-news,"717,235","404,687",0:01:10,"186,161",23.60%,19.00%,$0.04 
/news,"686,824","461,682",0:01:21,"82,960",37.82%,18.74%,$0.02 
/views/editorial,"395,396","244,812",0:00:55,"131,038",19.88%,16.95%,$0.03 
/sports,"376,274","243,469",0:01:19,"39,082",35.46%,19.42%,$0.02 
/views,"317,354","216,385",0:00:43,"21,587",33.03%,11.39%,$0.03 
/news/bangladesh,"228,689","146,672",0:01:23,"20,157",36.47%,16.83%,$0.02 
/top-news,"225,027","141,653",0:01:19,"97,819",27.41%,27.20%,$0.03 
/newspaper,"199,593","144,294",0:00:58,"114,426",15.93%,26.67%,$0.08 
/health/disease/coronavirus,"187,446","136,425",0:01:02,"17,529",41.38%,18.66%,$0.03 
/entertainment,"156,954","110,941",0:01:07,"11,922",31.93%,15.24%,$0.02 
/views/opinion,"154,271","99,756",0:00:53,"24,996",28.65%,14.59%,$0.02 
/bangla/à¦–à§‡à¦²à¦¾,"138,840","82,164",0:01:39,"28,438",38.84%,24.06%,$0.02 
/business/economy,"105,471","73,600",0:01:17,"8,022",38.43%,17.16%,$0.02 
/bangla/à¦¸à¦‚à¦¬à¦¾à¦¦,"99,787","66,574",0:01:26,"10,149",41.66%,21.12%,$0.06 
/life-living,"91,615","70,119",0:00:54,"5,601",43.55%,14.15%,$0.02 
/news/world,"88,177","62,291",0:01:22,"8,430",44.78%,18.44%,$0.02 
/bangla/à¦¸à¦‚à¦¬à¦¾à¦¦/à¦¬à¦¾à¦‚à¦²à¦¾à¦¦à§‡à¦¶/à¦¯à§‡-à¦•à¦¾à¦°à¦£à§‡-à¦ªà¦¦à§à¦®à¦¾-à¦¸à§‡à¦¤à§à¦¤à§‡-à¦¸à¦¾à¦‡à¦•à§‡à¦²-à¦“-à¦ªà¦¾à§Ÿà§‡-à¦¹à¦¾à¦Ÿà¦¾à¦°-à¦²à§‡à¦¨-à¦¨à§‡à¦‡-253536,"87,609","84,385",0:02:21,"82,153",51.73%,60.34%,<$0.01
/tech-startup,"86,871","66,074",0:01:02,"5,925",41.15%,16.64%,$0.02 
/toggle/news/all-you-need-know-about-pulse-oximeter-1938229,"86,044","81,611",0:03:19,"81,466",57.81%,69.04%,<$0.01
/opinion,"84,994","59,414",0:00:57,"7,977",34.63%,14.44%,$0.00 
/bangla/à¦¸à¦‚à¦¬à¦¾à¦¦/à¦¬à¦¾à¦‚à¦²à¦¾à¦¦à§‡à¦¶/à¦…à¦ªà¦°à¦¾à¦§-à¦“-à¦¬à¦¿à¦šà¦¾à¦°/à¦ªà¦°à§€à¦®à¦¨à¦¿-à¦†à¦Ÿà¦•à§‡à¦°-à¦¨à¦¾à¦Ÿà¦•à§€à§Ÿ-à§ª-à¦˜à¦¨à§à¦Ÿà¦¾-246761,"82,168","75,880",0:03:45,"73,562",52.06%,57.84%,<$0.01
/bangla/à¦¸à§à¦¬à¦¾à¦¸à§à¦¥à§à¦¯/à¦•à¦°à§‹à¦¨à¦¾à¦­à¦¾à¦‡à¦°à¦¾à¦¸/à¦¨à¦¾à¦•-à¦¦à¦¿à¦¯à¦¼à§‡-à¦¶à§à¦¬à¦¾à¦¸-à¦¨à¦¿à¦²à§‡à¦‡-à¦•à¦°à§‡à¦¾à¦¨à¦¾à¦°-à¦Ÿà¦¿à¦•à¦¾-à¦Ÿà§à¦°à¦¾à§Ÿà¦¾à¦²-à¦¹à¦¬à§‡-à¦¬à¦¾à¦‚à¦²à¦¾à¦¦à§‡à¦¶à§‡-250051,"79,769","75,171",0:05:28,"72,920",83.01%,84.59%,<$0.01
/bangla/à¦¶à§€à¦°à§à¦·-à¦–à¦¬à¦°,"76,142","52,269",0:01:21,"40,463",42.60%,39.03%,$0.02 
/epaper,"75,308","59,797",0:03:12,"54,185",16.83%,65.37%,$0.02 
/bangla/à¦¬à¦¿à¦¨à§‹à¦¦à¦¨/à¦Ÿà¦¿à¦­à¦¿-à¦“-à¦¸à¦¿à¦¨à§‡à¦®à¦¾/à¦…à¦ªà§‚à¦°à§à¦¬à¦°-à¦¬à¦¿à§Ÿà§‡-à¦†à¦—à¦¾à¦®à§€à¦•à¦¾à¦²-256681,"75,131","70,595",0:01:03,"69,706",38.65%,45.56%,<$0.01
/environment,"72,700","55,169",0:00:58,"5,323",51.03%,15.72%,$0.02 
/toggle/news/all-you-need-know-about-pulse-oximeter-1938229?amp=,"71,491","67,000",0:02:48,"66,800",77.16%,77.37%,<$0.01
/online,"68,573","49,579",0:01:14,"37,359",22.26%,29.62%,$0.04 
/bangla/à¦…à¦­à¦¿à¦®à¦¤/à¦®à¦¤à¦¾à¦®à¦¤,"66,211","43,421",0:00:47,"3,738",34.68%,13.79%,$0.11 
/bangla/à¦¬à¦¿à¦¨à§‹à¦¦à¦¨/à¦¬à¦¿à§Ÿà§‡-à¦•à¦°à§‡à¦›à§‡à¦¨-à¦®à¦¡à§‡à¦²-à¦“-à¦…à¦­à¦¿à¦¨à§‡à¦¤à¦¾-à¦¨à§€à¦²à§Ÿ-à¦†à¦²à¦®à¦—à§€à¦°-249116,"65,943","61,700",0:00:56,"61,081",52.87%,60.15%,<$0.01
/bangla/à¦¬à¦¿à¦¨à§‹à¦¦à¦¨,"65,497","44,831",0:01:24,"5,175",45.03%,22.25%,$0.04 
/bangla/à¦¸à§à¦¬à¦¾à¦¸à§à¦¥à§à¦¯/à¦•à¦°à§‹à¦¨à¦¾à¦­à¦¾à¦‡à¦°à¦¾à¦¸/à§§à§¨-à¦†à¦—à¦¸à§à¦Ÿ-à¦¥à§‡à¦•à§‡-à¦®à¦¡à¦¾à¦°à§à¦¨à¦¾à¦°-à§§à¦®-à¦¡à§‹à¦œ-à¦Ÿà¦¿à¦•à¦¾à¦¦à¦¾à¦¨-à¦¬à¦¨à§à¦§-248816,"64,308","59,766",0:00:29,"58,292",17.59%,22.09%,<$0.01
/bangla/todays-news,"62,478","38,536",0:00:58,"7,271",36.77%,17.98%,$0.06 
/bangla/à¦¸à¦‚à¦¬à¦¾à¦¦/à¦¬à¦¾à¦‚à¦²à¦¾à¦¦à§‡à¦¶/à¦…à¦ªà¦°à¦¾à¦§-à¦“-à¦¬à¦¿à¦šà¦¾à¦°/à¦à¦¡à¦¿à¦¸à¦¿-à¦—à§‹à¦²à¦¾à¦®-à¦¸à¦¾à¦•à¦²à¦¾à¦‡à¦¨à¦•à§‡-à¦¡à¦¿à¦¬à¦¿-à¦¥à§‡à¦•à§‡-à¦¸à¦°à¦¿à§Ÿà§‡-à¦¦à§‡à¦“à§Ÿà¦¾-à¦¹à¦šà§à¦›à§‡-247606,"59,040","55,740",0:01:32,"54,577",41.59%,51.19%,<$0.01
/youth,"58,381","44,327",0:00:51,"3,207",51.04%,13.14%,$0.02 
/bangla/à¦¬à¦¾à¦£à¦¿à¦œà§à¦¯,"57,432","40,560",0:01:08,"3,374",51.75%,19.76%,$0.07 
/bangla/à¦¸à¦‚à¦¬à¦¾à¦¦/à¦¬à¦¾à¦‚à¦²à¦¾à¦¦à§‡à¦¶/à¦¸à§à¦•à§à¦²à§‡à¦°-à¦¶à§à¦°à§‡à¦£à¦¿à¦•à¦•à§à¦·-à¦¦à¦–à¦²-à¦•à¦°à§‡-à¦¸à¦ªà¦°à¦¿à¦¬à¦¾à¦°à§‡-à¦¬à¦¸à¦¬à¦¾à¦¸-261726,"56,816","54,562",0:03:01,"53,816",61.48%,71.72%,<$0.01
/bangla/à¦¸à¦‚à¦¬à¦¾à¦¦/à¦¬à¦¾à¦‚à¦²à¦¾à¦¦à§‡à¦¶/à¦†à¦•à¦¾à¦¶-à¦¯à¦¾à¦°-à¦¸à§€à¦®à¦¾à¦¨à¦¾-254181,"56,701","53,539",0:10:09,"52,943",63.18%,80.42%,<$0.01
/https://www.thedailystar.net/bangla/à¦¸à§à¦¬à¦¾à¦¸à§à¦¥à§à¦¯/à¦•à¦°à§‹à¦¨à¦¾à¦­à¦¾à¦‡à¦°à¦¾à¦¸/à¦•à§‹à¦­à¦¿à¦¡-à§§à§¯-à¦Ÿà¦¿à¦•à¦¾à¦¦à¦¾à¦¨-à¦…à¦¨à¦¿à¦¶à§à¦šà§Ÿà¦¤à¦¾à§Ÿ-à¦¬à¦¿à¦¶à§‡à¦·-à¦•à¦°à§à¦®à¦¸à§‚à¦šà¦¿-248811,"56,492","54,874",0:03:28,149,0.00%,72.52%,<$0.01
/bangla/à¦¸à¦‚à¦¬à¦¾à¦¦/à¦¬à¦¾à¦‚à¦²à¦¾à¦¦à§‡à¦¶/à¦…à¦ªà¦°à¦¾à¦§-à¦“-à¦¬à¦¿à¦šà¦¾à¦°/à¦®à§à¦¨à¦¿à§Ÿà¦¾à¦°-à¦®à§ƒà¦¤à§à¦¯à§-à¦†à¦¨à¦­à§€à¦°-à¦¸à§à¦¤à§à¦°à§€-à¦“-à¦¬à¦¾à¦¬à¦¾-à¦®à¦¾à¦¸à¦¹-à§®-à¦œà¦¨à§‡à¦°-à¦¬à¦¿à¦°à§à¦¦à§à¦§à§‡-à¦§à¦°à§à¦·à¦£-à¦“-à¦¹à¦¤à§à¦¯à¦¾,"54,324","51,802",0:01:11,"50,122",49.79%,56.18%,<$0.01
/bangla/à¦–à§‡à¦²à¦¾/à¦•à§à¦°à¦¿à¦•à§‡à¦Ÿ/à¦—à¦°à¦®à§‡-à¦†à¦°à§à¦¦à§à¦°à¦¤à¦¾à§Ÿ-à¦•à¦¾à¦¹à¦¿à¦²-à¦¹à§Ÿà§‡-à¦ªà§œà§‡à¦›à¦¿à¦²-à¦…à¦¸à§à¦Ÿà§à¦°à§‡à¦²à¦¿à§Ÿà¦¾-246436,"53,712","51,977",0:02:38,"51,529",54.01%,65.72%,<$0.01
/bangla/à¦…à¦­à¦¿à¦®à¦¤/à¦®à¦¤à¦¾à¦®à¦¤/à¦¹à¦¿à¦¸à¦¾à¦¬à§‡à¦°-à¦—à¦°à¦®à¦¿à¦²-à¦“-à¦¬à¦¿à¦¶à§ƒà¦™à§à¦–à¦²à¦¾-à¦à¦¤à¦Ÿà¦¾-247146,"51,648","48,545",0:05:34,"45,011",73.39%,77.53%,<$0.01
/bangla/à¦ªà§à¦°à¦¬à¦¾à¦¸à§‡/à¦¯à¦¾à¦“à§Ÿà¦¾-à¦†à¦¸à¦¾/à¦à§Ÿà¦¾à¦°à¦²à¦¾à¦‡à¦¨à¦¸-à¦“-à¦…à¦¨à§à¦¯à¦¾à¦¨à§à¦¯/à¦¬à¦¿à¦®à¦¾à¦¨à§‡à¦°-à¦¸à§‡à¦‡-à¦ªà¦¾à¦‡à¦²à¦Ÿ-à¦•à§à¦²à¦¿à¦¨à¦¿à¦•à§à¦¯à¦¾à¦²à¦¿-à¦¡à§‡à¦¡-255481,"48,835","46,455",0:01:03,"45,749",34.62%,42.06%,<$0.01
/sports/cricket,"48,295","34,545",0:00:59,"8,437",44.94%,21.69%,$0.02 
/bangla/à¦¸à§à¦¬à¦¾à¦¸à§à¦¥à§à¦¯/à¦•à¦°à§‹à¦¨à¦¾à¦­à¦¾à¦‡à¦°à¦¾à¦¸,"46,295","32,948",0:01:05,"5,024",43.55%,22.47%,$0.04 
/bangla/à¦¬à¦¿à¦¨à§‹à¦¦à¦¨/à¦Ÿà¦¿à¦­à¦¿-à¦“-à¦¸à¦¿à¦¨à§‡à¦®à¦¾/à¦¢à¦¾à¦²à¦¿à¦‰à¦¡/à¦ªà¦°à§€à¦®à¦¨à¦¿-à¦‡à¦¸à§à¦¯à§à¦¤à§‡-à¦¶à¦¿à¦²à§à¦ªà§€-à¦¸à¦®à¦¿à¦¤à¦¿à¦°-à¦†à¦šà¦°à¦£-à¦†à¦®à¦¾à¦•à§‡-à¦¹à¦¤à¦¬à¦¾à¦•-à¦“-à¦¬à¦¿à¦¸à§à¦®à¦¿à¦¤-à¦•à¦°à§‡à¦›à§‡-à¦¶à¦¾à¦•à¦¿à¦¬-à¦–à¦¾à¦¨,"46,279","43,718",0:03:10,"42,231",50.21%,58.33%,<$0.01
/bangla/à¦¸à¦‚à¦¬à¦¾à¦¦/à¦¬à¦¾à¦‚à¦²à¦¾à¦¦à§‡à¦¶/à¦•à§ƒà¦·à¦¿/à¦¦à§‡à¦¶à§‡-à¦²à¦¾à¦²-à¦¸à§‹à¦¨à¦¾-à¦œà¦¾à¦«à¦°à¦¾à¦¨-à¦šà¦¾à¦·à§‡-à¦ªà¦¥-à¦¦à§‡à¦–à¦¾à¦šà§à¦›à§‡à¦¨-à¦…à¦§à§à¦¯à¦¾à¦ªà¦•-à¦œà¦¾à¦®à¦¾à¦²-à¦‰à¦¦à§à¦¦à¦¿à¦¨-247961,"44,508","41,544",0:05:42,"40,745",69.82%,73.23%,<$0.01
/shout,"44,289","24,382",0:00:55,"13,627",26.16%,18.47%,$0.02 
/https://www.thedailystar.net/bangla/à¦¬à¦¿à¦¨à§‹à¦¦à¦¨/à¦Ÿà¦¿à¦­à¦¿-à¦“-à¦¸à¦¿à¦¨à§‡à¦®à¦¾/à¦†à¦œà¦“-à¦ªà¦°à§€à¦®à¦¨à¦¿à¦°-à¦ªà¦¾à¦¶à§‡-à¦›à¦¿à¦²-à¦¨à¦¾-à¦šà¦²à¦šà§à¦šà¦¿à¦¤à§à¦°à§‡à¦°-à¦•à§‡à¦‰-256656,"44,247","43,701",0:00:48,156,0.00%,57.46%,<$0.01
/bangla/à¦¬à¦¿à¦¨à§‹à¦¦à¦¨/à¦Ÿà¦¿à¦­à¦¿-à¦“-à¦¸à¦¿à¦¨à§‡à¦®à¦¾/à¦¬à¦²à¦¿à¦‰à¦¡/à¦…à¦­à¦¿à¦·à§‡à¦•-à¦¬à¦šà§à¦šà¦¨-à¦¹à¦¾à¦¸à¦ªà¦¾à¦¤à¦¾à¦²à§‡-à¦­à¦°à§à¦¤à¦¿-253186,"43,743","42,671",0:00:57,"42,190",53.70%,60.77%,<$0.01
/news/asia,"42,054","29,698",0:01:00,"1,905",41.83%,11.39%,$0.02 
/feature,"42,021","31,828",0:00:49,"2,629",60.85%,13.84%,$0.03 
/bangla/à¦–à§‡à¦²à¦¾/à¦•à§à¦°à¦¿à¦•à§‡à¦Ÿ/à¦¬à¦¾à¦‚à¦²à¦¾à¦¦à§‡à¦¶-à¦¸à¦«à¦°à§‡-à¦¨à¦¿à¦‰à¦œà¦¿à¦²à§à¦¯à¦¾à¦¨à§à¦¡à§‡à¦°-à¦¬à¦¿à¦¶à§à¦¬à¦•à¦¾à¦ª-à¦¸à§à¦•à§‹à§Ÿà¦¾à¦¡à§‡à¦°-à¦•à§‡à¦‰à¦‡-à¦¨à§‡à¦‡-248571,"41,951","40,183",0:03:40,"39,421",58.42%,69.22%,<$0.01
/health/news/healthy-diet-tips-dengue-patients-1784128?amp=,"39,741","37,100",0:03:12,"37,020",79.99%,79.89%,<$0.01
/home?browserpush=true,"39,709","6,994",0:06:37,"6,905",25.55%,11.87%,$0.07 
/business/global-economy,"39,169","30,359",0:01:12,"2,277",44.71%,16.67%,$0.02 
/bangla/à¦¸à¦‚à¦¬à¦¾à¦¦/à¦¬à¦¾à¦‚à¦²à¦¾à¦¦à§‡à¦¶/à¦–à¦°à§à¦¬à¦¾à¦•à§ƒà¦¤à¦¿à¦°-à¦—à¦°à§-à¦°à¦¾à¦¨à§€à¦°-à¦®à§ƒà¦¤à§à¦¯à§-à¦–à¦¾à¦®à¦¾à¦°-à¦•à¦°à§à¦¤à§ƒà¦ªà¦•à§à¦·-à¦¬à¦²à¦›à§‡-à¦®à¦°à§‡à¦¨à¦¿-252031,"39,140","37,420",0:01:15,"36,819",54.69%,61.14%,<$0.01
/bangla/à¦–à§‡à¦²à¦¾/à¦«à§à¦Ÿà¦¬à¦²/à¦®à§‡à¦¸à¦¿à¦°-à§©à§¦-à¦¨à¦®à§à¦¬à¦°-à¦œà¦¾à¦°à§à¦¸à¦¿-à¦¬à¦¿à¦•à§à¦°à¦¿-à¦¶à§‡à¦·-à§©à§¦-à¦®à¦¿à¦¨à¦¿à¦Ÿà§‡à¦‡-249061#.YRN5r_uTfDQ.facebook,"38,413","36,815",0:03:29,"36,503",52.10%,62.58%,<$0.01
/https://www.thedailystar.net/bangla/à¦¸à¦‚à¦¬à¦¾à¦¦/à¦¬à¦¾à¦‚à¦²à¦¾à¦¦à§‡à¦¶/à¦…à¦ªà¦°à¦¾à¦§-à¦“-à¦¬à¦¿à¦šà¦¾à¦°/à¦šà¦Ÿà§à¦Ÿà¦—à§à¦°à¦¾à¦®à§‡-à¦°â€Œà§à¦¯à¦¾à¦¬à§‡à¦°-à¦¸à¦™à§à¦—à§‡-à¦¬à¦¨à§à¦¦à§à¦•à¦¯à§à¦¦à§à¦§à§‡-à¦¨à¦¿à¦¹à¦¤-à§§-247571,"37,773","37,412",0:01:07,121,0.00%,72.64%,<$0.01
/shout/news/how-be-supportive-friend-her-period-1792009?amp=,"36,850","34,945",0:01:53,"34,883",71.52%,71.67%,$0.00 
/https://www.thedailystar.net/news/bangladesh/news/7-new-bridges-northern-dists-havoc-rivers-faulty-designs-2123341,"35,996","34,839",0:02:25,"1,309",1.92%,61.08%,<$0.01
/bangla/à¦–à§‡à¦²à¦¾/à¦«à§à¦Ÿà¦¬à¦²/à¦®à§‡à¦¸à¦¿à¦•à§‡-à¦¬à¦¿à¦¸à§à¦®à§Ÿà¦•à¦°-à¦¬à¦¿à¦¦à¦¾à§Ÿà§€-à¦¬à¦¾à¦°à§à¦¤à¦¾-à¦œà¦¾à¦¨à¦¾à¦²à§‡à¦¨-à¦Ÿà§‡à¦°-à¦¸à§à¦Ÿà§‡à¦—à§‡à¦¨-247591#.YQ4zDA5iBvA.facebook,"35,896","34,942",0:02:50,"34,320",60.78%,68.87%,<$0.01
/bangla/à¦¸à¦‚à¦¬à¦¾à¦¦/à¦¬à¦¾à¦‚à¦²à¦¾à¦¦à§‡à¦¶/à¦¶à¦¾à¦œà¦¾à¦¹à¦¾à¦¨-à¦–à¦¾à¦¨à¦•à§‡-à¦ªà§à¦°à§‹à¦ªà§à¦°à¦¿-à¦†à¦“à§Ÿà¦¾à¦®à§€-à¦²à§€à¦—à¦¾à¦°-à¦¹à¦“à§Ÿà¦¾à¦°-à¦ªà¦°à¦¾à¦®à¦°à§à¦¶-à¦¶à§‡à¦–-à¦¹à¦¾à¦¸à¦¿à¦¨à¦¾à¦°-259561,"35,842","34,424",0:03:03,"32,138",53.48%,64.11%,<$0.01
/bangla/à¦…à¦­à¦¿à¦®à¦¤/à¦¸à¦®à§à¦ªà¦¾à¦¦à¦•à§€à§Ÿ,"35,836","21,619",0:00:49,"2,631",38.95%,12.28%,$0.15 
/https://www.thedailystar.net/bangla/à¦¸à¦‚à¦¬à¦¾à¦¦/à¦¬à¦¾à¦‚à¦²à¦¾à¦¦à§‡à¦¶/à¦…à¦ªà¦°à¦¾à¦§-à¦“-à¦¬à¦¿à¦šà¦¾à¦°/à¦¹à¦¾à¦¤à¦¿à§Ÿà¦¾à§Ÿ-à¦—à§ƒà¦¹à¦¬à¦§à§‚à¦•à§‡-à¦¸à¦‚à¦˜à¦¬à¦¦à§à¦§-à¦§à¦°à§à¦·à¦£-à¦¸à§à¦¬à¦¾à¦®à§€à¦¸à¦¹-à¦—à§à¦°à§‡à¦ªà§à¦¤à¦¾à¦°-à§ª-246726,"35,401","35,220",0:00:45,495,0.24%,67.45%,<$0.01
/bangla/à¦¬à¦¿à¦¨à§‹à¦¦à¦¨/à¦Ÿà¦¿à¦­à¦¿-à¦“-à¦¸à¦¿à¦¨à§‡à¦®à¦¾/à¦¬à¦²à¦¿à¦‰à¦¡/à¦¸à¦¿à¦¦à§à¦§à¦¾à¦°à§à¦¥à§‡à¦°-à¦¶à§‹à¦•à§‡-à¦à¦–à¦¨à§‹-à¦…à¦¸à§à¦¸à§à¦¥-à¦¶à§‡à¦¹à¦¨à¦¾à¦œ-à¦—à¦¿à¦²-261476,"34,881","33,592",0:01:02,"33,319",35.51%,41.05%,<$0.01
/bangla/à¦ªà§à¦°à¦¬à¦¾à¦¸à§‡/à¦¯à¦¾à¦“à§Ÿà¦¾-à¦†à¦¸à¦¾/à¦¸à¦¿à¦¨à§‹à¦«à¦¾à¦°à§à¦®à§‡à¦°-à¦Ÿà¦¿à¦•à¦¾-à¦—à§à¦°à¦¹à¦£à¦•à¦¾à¦°à§€à¦¦à§‡à¦°-à¦¸à§Œà¦¦à¦¿-à¦¯à¦¾à¦“à§Ÿà¦¾à¦°-à¦…à¦¨à¦¿à¦¶à§à¦šà§Ÿà¦¤à¦¾-à¦•à¦¾à¦Ÿà¦²-253986,"34,827","30,708",0:01:49,"29,724",45.41%,51.85%,<$0.01
/bangla/à¦–à§‡à¦²à¦¾/à¦•à§à¦°à¦¿à¦•à§‡à¦Ÿ/à¦•à¦¬à§à¦œà¦¿à¦°-à¦à¦¾à¦à¦•à§à¦¨à¦¿à¦¤à§‡-à¦…à¦¬à¦¿à¦¶à§à¦¬à¦¾à¦¸à§à¦¯-à¦®à§‹à¦¸à§à¦¤à¦¾à¦«à¦¿à¦œ-247486,"34,498","33,255",0:05:11,"32,175",62.19%,70.51%,<$0.01
/bangla/à¦¸à¦‚à¦¬à¦¾à¦¦/à¦¬à¦¾à¦‚à¦²à¦¾à¦¦à§‡à¦¶/à¦…à¦ªà¦°à¦¾à¦§-à¦“-à¦¬à¦¿à¦šà¦¾à¦°/à§ª-à¦¹à¦¾à¦œà¦¾à¦°-à¦Ÿà¦¾à¦•à¦¾-à¦¬à§‡à¦¤à¦¨à§‡à¦°-à¦¨à§à¦°à§à¦²à§‡à¦°-à§ªà§¬à§¦-à¦•à§‹à¦Ÿà¦¿-à¦Ÿà¦¾à¦•à¦¾à¦°-à¦¸à¦®à§à¦ªà¦¦-à¦°â€Œà§à¦¯à¦¾à¦¬-260971,"34,014","30,539",0:02:11,"29,572",55.82%,60.94%,<$0.01
/bangla/à¦¸à¦‚à¦¬à¦¾à¦¦/à¦¬à¦¾à¦‚à¦²à¦¾à¦¦à§‡à¦¶,"33,984","24,742",0:01:24,"2,479",46.89%,22.20%,$0.07 
/https://www.thedailystar.net/bangla/à¦ªà§à¦°à¦¬à¦¾à¦¸à§‡/à¦¯à¦¾à¦“à§Ÿà¦¾-à¦†à¦¸à¦¾/à¦à§Ÿà¦¾à¦°à¦²à¦¾à¦‡à¦¨à¦¸-à¦“-à¦…à¦¨à§à¦¯à¦¾à¦¨à§à¦¯/à¦¨à¦¾à¦—à¦ªà§à¦°à§‡-à¦†à¦Ÿà¦•à§‡-à¦ªà§œà¦¾-à§§à§¨à§ª-à¦¯à¦¾à¦¤à§à¦°à§€-à¦¢à¦¾à¦•à¦¾à§Ÿ-254926,"33,387","32,940",0:00:43,105,0.00%,42.00%,<$0.01
/frontpage/news/china-vaccine-vero-cell-green-light-human-trial-bangladesh-2116881?amp=,"33,099","30,048",0:02:01,"29,843",73.24%,72.96%,<$0.01
/bangla/à¦¸à§à¦¬à¦¾à¦¸à§à¦¥à§à¦¯/à¦•à¦°à§‹à¦¨à¦¾à¦­à¦¾à¦‡à¦°à¦¾à¦¸/à¦¦à§‡à¦¶à§‡-à¦•à¦°à§‡à¦¾à¦¨à¦¾à¦°-à¦†à¦°à§‡à¦•à¦Ÿà¦¿-à¦¢à§‡à¦‰-à¦†à¦¸à¦¤à§‡-à¦ªà¦¾à¦°à§‡-257021,"32,718","30,976",0:04:04,"29,822",85.08%,85.77%,<$0.01
/entertainment/tv-film/news/networker-baire-actors-survive-deadly-car-accident-2162181,"32,612","29,469",0:02:01,"27,794",37.00%,64.88%,<$0.01
/bangla/à¦¬à¦¾à¦£à¦¿à¦œà§à¦¯/à¦œà¦¾à¦¨à§à§Ÿà¦¾à¦°à¦¿à¦¤à§‡-à¦¡à¦¾à¦¨à¦¾-à¦®à§‡à¦²à¦¬à§‡-à¦à¦¯à¦¼à¦¾à¦°-à¦…à§à¦¯à¦¾à¦¸à§à¦Ÿà§à¦°à¦¾-258131,"32,374","31,092",0:01:20,"30,324",47.84%,56.26%,<$0.01
/https://www.thedailystar.net/environment/wild-life/news/human-animal-conflict-nilgai-dies-thakurgaon-after-being-chased-locals-2122181,"32,200","31,032",0:01:12,710,1.13%,44.86%,<$0.01
/nrb,"29,617","24,091",0:01:02,"1,864",52.45%,19.94%,$0.03 
/bangla/à¦¸à¦‚à¦¬à¦¾à¦¦/à¦¬à¦¾à¦‚à¦²à¦¾à¦¦à§‡à¦¶/à¦…à¦ªà¦°à¦¾à¦§-à¦“-à¦¬à¦¿à¦šà¦¾à¦°/à¦à¦¡à¦¿à¦¸à¦¿-à¦—à§‹à¦²à¦¾à¦®-à¦¸à¦¾à¦•à¦²à¦¾à§Ÿà§‡à¦¨à¦•à§‡-à¦¡à¦¿à¦¬à¦¿-à¦¥à§‡à¦•à§‡-à¦…à¦ªà¦¸à¦¾à¦°à¦£-247626,"29,486","27,995",0:01:28,"26,728",40.32%,50.60%,<$0.01
/bangla/à¦…à¦°à§à¦¥à¦¨à§€à¦¤à¦¿/à¦¬à§à¦¯à¦¾à¦‚à¦•/à¦†à¦®à¦¾à¦¨à¦¤à§‡à¦°-à¦¸à§à¦¦-à¦¹à¦¾à¦°-à¦¬à§‡à¦à¦§à§‡-à¦¦à¦¿à¦²à§‹-à¦¬à¦¾à¦‚à¦²à¦¾à¦¦à§‡à¦¶-à¦¬à§à¦¯à¦¾à¦‚à¦•-248166,"29,174","27,532",0:02:37,"26,323",62.51%,64.97%,<$0.01
/bangla/à¦¬à¦¿à¦¨à§‹à¦¦à¦¨/à¦Ÿà¦¿à¦­à¦¿-à¦“-à¦¸à¦¿à¦¨à§‡à¦®à¦¾/à¦¬à¦¿à§Ÿà§‡-à¦•à¦°à¦²à§‡à¦¨-à¦®à¦¾à¦¹à¦¿à§Ÿà¦¾-à¦®à¦¾à¦¹à¦¿-260556,"28,971","27,491",0:01:11,"26,465",51.06%,57.88%,<$0.01
/bangla/à¦¬à¦¿à¦¨à§‹à¦¦à¦¨/à¦Ÿà¦¿à¦­à¦¿-à¦“-à¦¸à¦¿à¦¨à§‡à¦®à¦¾/à¦¦à§‡à¦¶à¦•à§‡-à¦›à§‹à¦Ÿ-à¦•à¦°à¦¾à¦°-à¦‡à¦šà§à¦›à¦¾-à¦¨à§‡à¦‡-à¦¬à¦²à§‡à¦‡-à¦¬à¦²à¦¿à¦‰à¦¡à§‡à¦°-à¦¸à¦¿à¦¨à§‡à¦®à¦¾à¦Ÿà¦¾-à¦•à¦°à¦¿à¦¨à¦¿-à¦®à§‡à¦¹à¦œà¦¾à¦¬à¦¿à¦¨-259451,"28,538","27,598",0:01:38,"27,169",58.70%,65.91%,<$0.01
/bangla/à¦–à§‡à¦²à¦¾/à¦•à§à¦°à¦¿à¦•à§‡à¦Ÿ/à¦Ÿà¦¿-à¦Ÿà§‹à§Ÿà§‡à¦¨à§à¦Ÿà¦¿ à¦¬à¦¿à¦¶à§à¦¬à¦•à¦¾à¦ªà§‡à¦° à¦ªà§‚à¦°à§à¦£à¦¾à¦™à§à¦— à¦¸à§‚à¦šà¦¿-251076,"28,128","25,622",0:02:43,"24,342",68.71%,72.67%,<$0.01
/https://www.thedailystar.net/city/news/facebook-gets-the-newsletter-game-bulletin-2122026,"27,211","26,269",0:01:36,595,1.83%,53.91%,<$0.01
/https://www.thedailystar.net/bangla/à¦¸à¦‚à¦¬à¦¾à¦¦/à¦¬à¦¾à¦‚à¦²à¦¾à¦¦à§‡à¦¶/à¦…à¦ªà¦°à¦¾à¦§-à¦“-à¦¬à¦¿à¦šà¦¾à¦°/à¦¬à¦¨à¦¾à¦¨à§€-à¦¥à¦¾à¦¨à¦¾à¦°-à¦ªà¦°à¦¿à¦¦à¦°à§à¦¶à¦•-à¦¸à§‹à¦¹à§‡à¦²-à¦°à¦¾à¦¨à¦¾-à¦¸à¦¾à¦®à§Ÿà¦¿à¦•-à¦¬à¦°à¦–à¦¾à¦¸à§à¦¤-258316,"27,158","26,805",0:00:54,133,0.00%,68.50%,<$0.01
/news/bangladesh/crime-justice,"26,434","17,887",0:01:07,"2,594",39.34%,15.95%,$0.03 
/sports/football,"26,398","19,439",0:01:08,"4,875",50.49%,25.56%,$0.02 
/bangla/à¦ªà§à¦°à¦¯à§à¦•à§à¦¤à¦¿-à¦“-à¦¸à§à¦Ÿà¦¾à¦°à§à¦Ÿà¦†à¦ª,"26,302","19,538",0:01:00,"1,258",47.72%,17.05%,$0.05 
/https://www.thedailystar.net/bangla/à¦¬à¦¿à¦¨à§‹à¦¦à¦¨/à¦Ÿà¦¿à¦­à¦¿-à¦“-à¦¸à¦¿à¦¨à§‡à¦®à¦¾/à¦•à¦¾à¦œ-à¦¹à¦¾à¦°à¦¿à§Ÿà§‡-à¦¢à¦¾à¦•à¦¾-à¦›à§‡à§œà§‡à¦›à§‡à¦¨-à§¬-à¦¶à¦¤à¦¾à¦§à¦¿à¦•-à¦¸à¦¿à¦¨à§‡à¦®à¦¾à¦•à¦°à§à¦®à§€-249101,"25,951","25,752",0:00:49,111,0.00%,70.34%,<$0.01
/bangla/à¦¸à¦‚à¦¬à¦¾à¦¦/à¦¬à¦¾à¦‚à¦²à¦¾à¦¦à§‡à¦¶/à¦¬à§€à¦°à¦¶à§à¦°à§‡à¦·à§à¦ -à¦œà¦¾à¦¹à¦¾à¦™à§à¦—à§€à¦°à§‡à¦°-à¦§à¦¾à¦•à§à¦•à¦¾à§Ÿ-à¦ªà¦¦à§à¦®à¦¾-à¦¸à§‡à¦¤à§à¦°-à¦ªà¦¿à¦²à¦¾à¦°à§‡à¦°-à¦ªà¦¾à¦‡à¦²-à¦•à§à¦¯à¦¾à¦ª-à¦•à§à¦·à¦¤à¦¿à¦—à§à¦°à¦¸à§à¦¤-248501,"25,378","23,944",0:02:45,"23,251",63.68%,71.51%,<$0.01
/https://www.thedailystar.net/bangla/à¦¸à¦‚à¦¬à¦¾à¦¦/à¦¬à¦¾à¦‚à¦²à¦¾à¦¦à§‡à¦¶/à¦…à¦ªà¦°à¦¾à¦§-à¦“-à¦¬à¦¿à¦šà¦¾à¦°/à¦œà¦¾à¦¤à§€à§Ÿ-à¦¸à¦‚à¦—à§€à¦¤-à¦…à¦¬à¦®à¦¾à¦¨à¦¨à¦¾-à¦•à¦°à§‡-à¦Ÿà¦¿à¦•à¦Ÿà¦•-à¦­à¦¿à¦¡à¦¿à¦“-à¦†à¦Ÿà¦•-à§«-253531,"25,113","24,960",0:00:53,208,0.00%,67.30%,<$0.01
/contact-us,"24,225","19,697",0:02:01,"4,328",66.00%,45.76%,$0.02 
/bangla/à¦¸à¦‚à¦¬à¦¾à¦¦/à¦¬à¦¿à¦¶à§à¦¬/à¦à¦•à¦œà¦¨à§‡à¦°-à¦•à¦°à§‹à¦¨à¦¾-à¦¶à¦¨à¦¾à¦•à§à¦¤-à¦¨à¦¿à¦‰à¦œà¦¿à¦²à§à¦¯à¦¾à¦¨à§à¦¡à§‡-à¦²à¦•à¦¡à¦¾à¦‰à¦¨-à¦˜à§‹à¦·à¦£à¦¾-251266,"24,185","23,270",0:02:37,"22,953",73.24%,78.73%,<$0.01
/health/news/healthy-diet-tips-dengue-patients-1784128,"23,899","22,026",0:04:14,"21,955",60.24%,77.21%,<$0.01
/bangla/à¦œà§€à¦¬à¦¨-à¦¯à¦¾à¦ªà¦¨,"23,858","17,662",0:00:49,"1,096",37.74%,14.58%,$0.04 
/bangla/à¦¸à¦‚à¦¬à¦¾à¦¦/à¦¬à¦¾à¦‚à¦²à¦¾à¦¦à§‡à¦¶/à¦…à¦¤à¦¿à¦°à¦¿à¦•à§à¦¤-à¦¸à¦šà¦¿à¦¬-à¦®à¦¾à¦¹à¦¬à§à¦¬-à¦•à¦¬à§€à¦°à¦•à§‡-à¦à¦¬à¦¾à¦°-à¦¸à¦°à¦•à¦¾à¦°à§‡à¦°-à¦¤à¦¿à¦°à¦¸à§à¦•à¦¾à¦°-251611,"23,819","22,982",0:02:39,"22,083",56.38%,68.71%,<$0.01
/bangla/à¦¸à§à¦¬à¦¾à¦¸à§à¦¥à§à¦¯/à¦•à¦°à§‹à¦¨à¦¾à¦­à¦¾à¦‡à¦°à¦¾à¦¸/à¦¬à¦¿à¦¶à§‡à¦·-à¦—à¦£à¦Ÿà¦¿à¦•à¦¾à¦¦à¦¾à¦¨-à¦•à¦°à§à¦®à¦¸à§‚à¦šà¦¿-à§­-à¦¦à¦¿à¦¨-à¦¨à¦¯à¦¼-à¦šà¦²à¦¬à§‡-à§§-à¦¦à¦¿à¦¨-246911,"23,698","22,243",0:04:18,"20,166",77.43%,78.31%,<$0.01
/news/bangladesh/transport/news/dhaka-ashulia-elevated-expressway-work-start-next-month-2171681,"23,680","20,945",0:04:08,"18,250",66.61%,70.46%,$0.01 
/https://www.thedailystar.net/bangla/à¦¬à¦¿à¦¨à§‹à¦¦à¦¨/à¦Ÿà¦¿à¦­à¦¿-à¦“-à¦¸à¦¿à¦¨à§‡à¦®à¦¾/à¦¬à¦²à¦¿à¦‰à¦¡/à§§à§§-à¦¬à¦›à¦°-à¦ªà¦°-à¦¬à¦²à¦¿à¦‰à¦¡à§‡-à¦«à¦¿à¦°à¦›à§‡à¦¨-à¦«à¦¾à¦°à¦¦à¦¿à¦¨-à¦–à¦¾à¦¨-261116,"23,589","23,367",0:00:45,86,0.00%,69.30%,<$0.01
/bangla/anandadhara/à¦¸à§à¦¬à¦¾à¦¸à§à¦¥à§à¦¯-à¦«à¦¿à¦šà¦¾à¦°/à¦—à¦°à§à¦­à¦¬à¦¤à§€-à¦®à¦¾à§Ÿà§‡à¦°-à¦•à¦°à¦£à§€à§Ÿ-80452,"23,522","21,489",0:03:21,"21,402",58.73%,67.05%,<$0.01
/news/recipes-for-shab-e-barat,"23,367","19,198",0:02:39,"19,163",40.71%,79.92%,$0.02 
/lifestyle/readerâ€™s-chit/news/the-importance-self-love-1684162?amp=,"22,788","19,109",0:04:37,"19,047",73.98%,72.24%,$0.00 
/bangla/à¦¸à§à¦¬à¦¾à¦¸à§à¦¥à§à¦¯/à¦•à¦°à§‹à¦¨à¦¾à¦­à¦¾à¦‡à¦°à¦¾à¦¸/à§§à§¦-à¦†à¦—à¦¸à§à¦Ÿ-à¦ªà¦°à§à¦¯à¦¨à§à¦¤-à¦¬à¦¾à§œà¦²-à¦¬à¦¿à¦§à¦¿-à¦¨à¦¿à¦·à§‡à¦§-à¦¸à§€à¦®à¦¿à¦¤-à¦ªà¦°à¦¿à¦¸à¦°à§‡-à¦šà¦²à¦¬à§‡-à¦—à¦£à¦ªà¦°à¦¿à¦¬à¦¹à¦¨-246191,"22,610","21,378",0:01:21,"19,337",47.81%,53.00%,<$0.01
/bangla/à¦¤à¦¾à¦°à§à¦£à§à¦¯/à¦¶à¦¿à¦•à§à¦·à¦¾/à¦à¦¸à¦à¦¸à¦¸à¦¿-à¦à¦‡à¦šà¦à¦¸à¦¸à¦¿-à¦ªà¦°à§€à¦•à§à¦·à¦¾à¦°à§à¦¥à§€à¦¦à§‡à¦°-à¦¦à¦¿à¦¨à§‡-à§ªà¦Ÿà¦¿-à¦•à¦°à§‡-à¦•à§à¦²à¦¾à¦¸-258841,"22,569","20,842",0:01:45,"20,454",47.97%,54.44%,<$0.01
/bangla/à¦–à§‡à¦²à¦¾/à¦¸à§à¦ªà§‹à¦°à§à¦Ÿà¦¸-à¦¸à§à¦ªà§‡à¦¶à¦¾à¦²/à¦Ÿà¦¿-à¦Ÿà§‹à§Ÿà§‡à¦¨à§à¦Ÿà¦¿-à¦¬à¦¿à¦¶à§à¦¬à¦•à¦¾à¦ª-à§¨à§¦à§¨à§§/à¦²à¦¿à¦Ÿà¦¨-à¦¬à¦¿à¦¶à§à¦¬à§‡à¦°-à¦¸à§‡à¦°à¦¾-à§§à§¦-à¦¬à§à¦¯à¦¾à¦Ÿà¦¸à¦®à§à¦¯à¦¾à¦¨à§‡à¦°-à¦à¦•à¦œà¦¨-à¦¹à¦¤à§‡-à¦ªà¦¾à¦°à¦¬à§‡,"22,400","21,207",0:06:19,"20,652",60.16%,67.28%,<$0.01
/bangla/à¦–à§‡à¦²à¦¾/à¦•à§à¦°à¦¿à¦•à§‡à¦Ÿ,"22,297","17,598",0:01:14,"9,753",49.44%,35.39%,$0.01 
/bangla/à¦¸à¦‚à¦¬à¦¾à¦¦/à¦¬à¦¿à¦¶à§à¦¬/à¦®à¦§à§à¦¯à¦ªà§à¦°à¦¾à¦šà§à¦¯/à¦ªà¦¾à¦¨à¦¿-à¦¶à§‡à¦·-à¦¬à¦¸à¦¬à¦¾à¦¸-à¦…à¦¯à§‡à¦¾à¦—à§à¦¯-à¦¹à¦¯à¦¼à§‡-à¦ªà¦¡à¦¼à¦›à§‡-à¦®à¦§à§à¦¯à¦ªà§à¦°à¦¾à¦šà§à¦¯à§‡à¦°-à¦•à¦¿à¦›à§-à¦à¦²à¦¾à¦•à¦¾-252976,"22,238","21,259",0:04:34,"20,577",72.03%,76.34%,<$0.01
/bangla/à¦¸à¦‚à¦¬à¦¾à¦¦/à¦¬à¦¾à¦‚à¦²à¦¾à¦¦à§‡à¦¶/à¦¸à¦¾à§œà§‡-à§©-à¦—à§à¦£-à¦¬à§‡à¦¶à¦¿-à¦¬à§à¦¯à§Ÿà§‡à¦°-à¦ªà¦¾à§Ÿà¦°à¦¾-à¦¸à§‡à¦¤à§-à¦–à§à¦²à¦›à§‡-à¦†à¦—à¦¾à¦®à§€-à¦®à¦¾à¦¸à§‡-261706,"21,903","20,818",0:04:43,"19,911",79.20%,82.24%,<$0.01
/bangla/à¦¸à¦‚à¦¬à¦¾à¦¦/à¦¬à¦¾à¦‚à¦²à¦¾à¦¦à§‡à¦¶/à¦šà¦¿à§œà¦¿à§Ÿà¦¾à¦–à¦¾à¦¨à¦¾-à¦¥à§‡à¦•à§‡-à¦†à¦ªà¦¨à¦¿à¦“-à¦•à¦¿à¦¨à¦¤à§‡-à¦ªà¦¾à¦°à§‡à¦¨-à¦¹à¦°à¦¿à¦£-à¦•à¦¿à¦‚à¦¬à¦¾-à¦®à§Ÿà§‚à¦°-251961,"21,731","20,805",0:04:55,"19,603",78.09%,78.57%,<$0.01
/lifestyle/readerâ€™s-chit/news/the-importance-self-love-1684162,"21,661","19,087",0:06:05,"18,988",67.66%,71.48%,<$0.01
/business/organisation-news,"21,379","16,870",0:01:17,"1,381",52.75%,20.30%,$0.02 
/health/disease/coronavirus/news/covid-19-vaccine-registrations-through-surokkha-app-reaches-2-crore-mark-2146456?amp=,"20,742","18,073",0:00:57,"17,656",62.34%,61.12%,$0.00 
/news/bangladesh/news/7-new-bridges-northern-dists-havoc-rivers-faulty-designs-2123341?amp=,"20,710","20,019",0:01:29,332,75.60%,66.90%,<$0.01
/health,"20,595","15,497",0:00:54,"2,282",44.37%,17.70%,$0.03 
/bangla/à¦ªà§à¦°à¦¯à§à¦•à§à¦¤à¦¿-à¦“-à¦¸à§à¦Ÿà¦¾à¦°à§à¦Ÿà¦†à¦ª/à¦¬à¦¿à¦œà§à¦žà¦¾à¦¨-à¦ªà§à¦°à¦¯à§à¦•à§à¦¤à¦¿-à¦—à§‡à¦œà§‡à¦Ÿà¦¸/à¦ªà§à¦°à¦¯à§à¦•à§à¦¤à¦¿-à¦¸à¦‚à¦¬à¦¾à¦¦/à¦°à¦¬à¦¿à¦°-à¦à¦®à¦¡à¦¿à¦°-à¦ªà¦¦à¦¤à§à¦¯à¦¾à¦—-246906,"20,485","19,792",0:01:51,"18,083",46.55%,56.69%,<$0.01
/https://www.thedailystar.net/bangla/à¦¬à¦¿à¦¨à§‹à¦¦à¦¨/à¦Ÿà¦¿à¦­à¦¿-à¦“-à¦¸à¦¿à¦¨à§‡à¦®à¦¾/à¦¬à¦²à¦¿à¦‰à¦¡/à¦°à¦¾à¦•à§à¦²à§‡à¦°-à¦›à§à¦Ÿà§‡-à¦šà¦²à¦¾-252836,"20,400","20,307",0:00:50,86,0.00%,74.51%,<$0.01
/environment/wild-life/news/human-animal-conflict-nilgai-dies-thakurgaon-after-being-chased-locals-2122181?amp=,"20,245","19,258",0:00:40,425,52.24%,50.47%,<$0.01
/bangla/à¦¸à¦‚à¦¬à¦¾à¦¦/à¦¬à¦¾à¦‚à¦²à¦¾à¦¦à§‡à¦¶/à¦…à¦ªà¦°à¦¾à¦§-à¦“-à¦¬à¦¿à¦šà¦¾à¦°/à¦«à¦¾à¦°à§à¦®à§‡à¦¸à¦¿à¦¤à§‡-à¦®à¦¡à¦¾à¦°à§à¦¨à¦¾à¦°-à¦­à§à¦¯à¦¾à¦•à¦¸à¦¿à¦¨à¦¸à¦¹-à¦†à¦Ÿà¦•-à§§-251706,"20,222","19,249",0:01:42,"18,622",50.88%,59.75%,<$0.01
/star-live/news/how-register-the-covid-19-vaccine-bangladesh-2040777?amp=,"19,721","17,976",0:00:59,"17,448",58.21%,58.31%,<$0.01
/shout/top-10-toxic-fanbases-188194,"19,687","18,849",0:01:53,"18,806",61.91%,73.20%,<$0.01
/bangla/à¦¸à¦‚à¦¬à¦¾à¦¦/à¦¬à¦¿à¦¶à§à¦¬,"19,685","14,807",0:01:30,"2,271",42.03%,27.03%,$0.04 
/shout/news/sex-ed-should-be-taught-schools-heres-why-2004997,"19,526","17,213",0:05:39,"16,953",73.36%,74.85%,<$0.01
/bangla/à¦¸à¦‚à¦¬à¦¾à¦¦/à¦¬à¦¿à¦¶à§à¦¬/à¦‰à¦¨à§à¦¨à¦¤-à¦¬à¦¿à¦¶à§à¦¬à§‡à¦°-à¦¬à§à¦¸à§à¦Ÿà¦¾à¦°-à¦¡à§‹à¦œà§‡à¦°-à¦•à¦¾à¦°à¦£à§‡-à¦®à¦¹à¦¾à¦®à¦¾à¦°à¦¿-à¦¶à§‡à¦·-à¦¨à¦¾-à¦¹à¦“à§Ÿà¦¾à¦°-à¦†à¦¶à¦™à§à¦•à¦¾-248281,"19,463","18,834",0:02:44,"18,126",58.85%,67.39%,<$0.01
/bangla/à¦ªà§à¦°à¦¬à¦¾à¦¸à§‡/à¦¯à¦¾à¦“à§Ÿà¦¾-à¦†à¦¸à¦¾/à¦à§Ÿà¦¾à¦°à¦²à¦¾à¦‡à¦¨à¦¸-à¦“-à¦…à¦¨à§à¦¯à¦¾à¦¨à§à¦¯/à¦¬à¦¿à¦®à¦¾à¦¨à§‡à¦°-à¦ªà¦¾à¦‡à¦²à¦Ÿà§‡à¦°-à¦¹à¦¾à¦°à§à¦Ÿ-à¦…à§à¦¯à¦¾à¦Ÿà¦¾à¦•-à¦­à¦¾à¦°à¦¤à§‡-à¦œà¦°à§à¦°à¦¿-à¦…à¦¬à¦¤à¦°à¦£-254736,"19,447","18,679",0:01:30,"17,689",48.53%,56.58%,<$0.01
/https://www.thedailystar.net/news/bangladesh/news/bangladesh-sends-mangoes-asian-friends-2123471,"18,997","18,438",0:02:24,567,1.24%,58.98%,<$0.01
/bangla/à¦¸à¦‚à¦¬à¦¾à¦¦/à¦¬à¦¾à¦‚à¦²à¦¾à¦¦à§‡à¦¶/à¦à¦®à¦†à¦°à¦ªà¦¿-à¦ªà¦¾à¦¸à¦ªà§‹à¦°à§à¦Ÿ-à¦›à¦¾à¦ªà¦¾à¦¨à§‹-à¦¬à¦¨à§à¦§-à¦…à¦¨à¦¿à¦¶à§à¦šà§Ÿà¦¤à¦¾à§Ÿ-à¦ªà§à¦°à¦¬à¦¾à¦¸à§€à¦°à¦¾-249281,"18,982","17,523",0:04:38,"16,910",78.06%,80.61%,<$0.01
/bangla/à¦¬à¦¿à¦¨à§‹à¦¦à¦¨/à¦Ÿà¦¿à¦­à¦¿-à¦“-à¦¸à¦¿à¦¨à§‡à¦®à¦¾/à¦¢à¦¾à¦²à¦¿à¦‰à¦¡/à¦œà§€à¦¬à¦¨à§‡à¦°-à¦¬à§œ-à¦­à§à¦²-à¦…à¦¸à¦®à§Ÿà§‡-à¦¬à¦¿à§Ÿà§‡-à¦…à¦ªà§-à¦¬à¦¿à¦¶à§à¦¬à¦¾à¦¸-257766,"18,910","17,530",0:02:06,"16,694",50.88%,55.19%,<$0.01
/bangla/à¦¸à§à¦Ÿà¦¾à¦°-à¦®à¦¾à¦²à§à¦Ÿà¦¿à¦®à¦¿à¦¡à¦¿à§Ÿà¦¾/à¦¦à§‡à¦¶à§‡-à¦•à¦°à§‡à¦¾à¦¨à¦¾à¦°-à¦†à¦°à§‡à¦•à¦Ÿà¦¿-à¦¢à§‡à¦‰à§Ÿà§‡à¦°-à¦†à¦¶à¦™à§à¦•à¦¾-258206,"18,881","17,721",0:00:56,"17,085",37.79%,43.70%,<$0.01
/bangla/à¦¸à¦‚à¦¬à¦¾à¦¦/à¦¬à¦¾à¦‚à¦²à¦¾à¦¦à§‡à¦¶/à¦ªà¦°à§€à¦®à¦¨à¦¿-à¦†à¦Ÿà¦•-246681,"18,804","17,845",0:01:30,"16,290",41.37%,48.35%,<$0.01
/https://www.thedailystar.net/bangla/à¦–à§‡à¦²à¦¾/à¦•à§à¦°à¦¿à¦•à§‡à¦Ÿ/à¦†à¦—à§‡à¦°-à¦¦à¦¿à¦¨-à¦¥à§‡à¦•à§‡-à¦‰à¦¤à§à¦¤à§‡à¦œà¦¨à¦¾à§Ÿ-à¦•à¦¾à¦à¦ªà¦›à¦¿à¦²à§‡à¦¨-à¦¨à¦¾à¦¸à§à¦®-246411,"18,744","18,647",0:02:13,115,0.00%,68.76%,<$0.01
/nrb/departure-arrival/travel-advisory/news/passport-holding-passengers-india-can-now-enter-bangladesh-every-day-without-noc-2178266,"18,730","16,707",0:01:57,"14,843",62.18%,64.18%,<$0.01
/health/disease/coronavirus/fallouts-fightback/vaccine/news/covid-19-vaccine-students-aged-18-and-above-can-register-surokkha-2156816,"18,617","15,125",0:00:59,"13,275",44.20%,47.31%,<$0.01
/https://www.thedailystar.net/bangla/à¦¬à¦¿à¦¨à§‹à¦¦à¦¨/à¦Ÿà¦¿à¦­à¦¿-à¦“-à¦¸à¦¿à¦¨à§‡à¦®à¦¾/à¦¢à¦¾à¦²à¦¿à¦‰à¦¡/à¦à¦«à¦¡à¦¿à¦¸à¦¿à¦¤à§‡-à¦¸à¦®à¦¿à¦¤à¦¿à¦—à§à¦²à§‹à¦°-à¦•à¦¾à¦œ-à¦•à§€-249436,"18,603","18,464",0:00:59,169,0.00%,57.71%,<$0.01
/bangla/à¦–à§‡à¦²à¦¾/à¦•à§à¦°à¦¿à¦•à§‡à¦Ÿ/à¦…à¦œà¦¿à¦¦à§‡à¦°-à¦•à¦¾à¦›à§‡-à¦…à¦¬à¦¿à¦¶à§à¦¬à¦¾à¦¸à§à¦¯-à¦²à¦¾à¦—à¦›à§‡-à¦®à§‹à¦¸à§à¦¤à¦¾à¦«à¦¿à¦œà§‡à¦°-à¦¸à§à¦•à¦¿à¦²-246876,"18,535","17,891",0:05:12,"16,887",60.77%,71.70%,<$0.01
/https://www.thedailystar.net/bangla/à¦ªà§à¦°à¦¬à¦¾à¦¸à§‡/à¦¯à¦¾à¦“à§Ÿà¦¾-à¦†à¦¸à¦¾/à¦à§Ÿà¦¾à¦°à¦²à¦¾à¦‡à¦¨à¦¸-à¦“-à¦…à¦¨à§à¦¯à¦¾à¦¨à§à¦¯/à¦¨à¦¾à¦—à¦ªà§à¦°à§‡-à¦†à¦Ÿà¦•à§‡-à¦ªà§œà¦¾-à§§à§¨à§ª-à¦¯à¦¾à¦¤à§à¦°à§€-à¦¨à¦¿à§Ÿà§‡-à¦¢à¦¾à¦•à¦¾à¦°-à¦ªà¦¥à§‡-à¦¬à¦¿à¦®à¦¾à¦¨-254916,"18,529","18,432",0:00:31,33,0.00%,52.76%,<$0.01
/health/disease/coronavirus/fallouts-fightback/vaccine/news/wonder-nasal-vaccine-knocking-the-door-2151686,"18,167","16,432",0:05:37,"13,247",60.56%,69.67%,$0.01 
/https://www.thedailystar.net/bangla/à¦¬à¦¿à¦¨à§‹à¦¦à¦¨/à¦Ÿà¦¿à¦­à¦¿-à¦“-à¦¸à¦¿à¦¨à§‡à¦®à¦¾/à¦®à§à¦•à§à¦¤-à¦ªà¦°à§€à¦®à¦¨à¦¿-à¦¬à¦¾à¦¸à¦¾à§Ÿ-256636,"18,125","17,970",0:00:39,60,24.14%,45.99%,<$0.01
/views/letters,"18,030","12,143",0:00:36,"2,529",40.09%,14.97%,$0.03 
/health/disease/coronavirus/fallouts-fightback/vaccine/news/registration-vaccine-passport-birth-certificate-be-allowed-2141616?amp=,"18,029","15,856",0:01:38,"15,264",67.12%,66.12%,$0.00 
/bangla/à¦¬à¦¾à¦£à¦¿à¦œà§à¦¯/à¦†à¦®à¦¦à¦¾à¦¨à¦¿-à¦•à¦°à¦¾-à¦¸à§Ÿà¦¾à¦¬à¦¿à¦¨-à¦­à¦¾à¦°à¦¤à§‡-à¦°à¦ªà§à¦¤à¦¾à¦¨à¦¿-à¦à§à¦à¦•à¦¿à¦¤à§‡-à¦¦à§‡à¦¶à§€à§Ÿ-à¦¡à§‡à¦‡à¦°à¦¿-à¦ªà§‹à¦²à¦Ÿà§à¦°à¦¿-à¦¶à¦¿à¦²à§à¦ª-260846,"17,875","17,064",0:03:12,"16,588",61.59%,69.48%,<$0.01
/bangla/à¦¸à¦‚à¦¸à§à¦•à§ƒà¦¤à¦¿/à¦¬à¦‡/à¦¸à¦¾à¦¹à¦¿à¦¤à§à¦¯/à¦¶à§‡à¦·-à¦¬à§‡à¦²à¦¾à§Ÿ-à¦®à¦¨-à¦¤à§‹-à¦šà¦¾à§Ÿ-à¦•à§‡à¦‰-à¦à¦•à¦œà¦¨-à¦ªà¦¾à¦¶à§‡-à¦¥à¦¾à¦•à§à¦•-à¦¹à§‡à¦²à¦¾à¦²-à¦¹à¦¾à¦«à¦¿à¦œ-261621,"17,763","16,276",0:06:41,"15,276",59.29%,68.30%,<$0.01
/lifestyle,"17,602","13,268",0:01:04,"4,144",47.09%,22.63%,$0.03 
/bangla/à¦ªà§à¦°à¦¬à¦¾à¦¸à§‡,"17,516","13,262",0:01:23,"1,526",53.67%,25.22%,$0.05 
/bangla/à¦ªà§à¦°à¦¬à¦¾à¦¸à§‡/à¦¯à¦¾à¦“à§Ÿà¦¾-à¦†à¦¸à¦¾/à¦à§Ÿà¦¾à¦°à¦²à¦¾à¦‡à¦¨à¦¸-à¦“-à¦…à¦¨à§à¦¯à¦¾à¦¨à§à¦¯/à¦¬à¦¿à¦®à¦¾à¦¨à¦•à§‡-à¦†à¦«à¦—à¦¾à¦¨à¦¿à¦¸à§à¦¤à¦¾à¦¨à§‡-à¦«à§à¦²à¦¾à¦‡à¦Ÿ-à¦ªà¦°à¦¿à¦šà¦¾à¦²à¦¨à¦¾à¦°-à¦ªà§à¦°à¦¸à§à¦¤à¦¾à¦¬-à¦¯à§à¦•à§à¦¤à¦°à¦¾à¦·à§à¦Ÿà§à¦°à§‡à¦°,"17,507","16,802",0:03:08,"15,652",53.85%,64.01%,<$0.01
/health/disease/coronavirus/news/covid-19-vaccine-registrations-through-surokkha-app-reaches-2-crore-mark-2146456,"17,403","14,537",0:01:05,"13,617",55.75%,55.32%,<$0.01
/nrb/departure-arrival/travel-advisory/news/bangladesh-imposes-new-restriction-air-travel-malaysia-10-other-countries-2154221,"17,403","15,789",0:02:41,"13,612",57.84%,68.05%,$0.01 
/youth/education/news/reopening-educational-institutions-universities-lead-the-way-2153021,"17,388","15,951",0:04:36,"13,370",55.46%,73.71%,<$0.01
/bangla/à¦¬à¦¿à¦¨à§‹à¦¦à¦¨/à¦Ÿà¦¿à¦­à¦¿-à¦“-à¦¸à¦¿à¦¨à§‡à¦®à¦¾/à¦¨à¦¾à¦Ÿà¦•/à¦›à¦¬à¦¿à¦¤à§‡-à¦…à¦ªà§‚à¦°à§à¦¬à¦°-à¦¬à¦¿à§Ÿà§‡-257131,"17,377","15,391",0:00:59,"14,720",40.08%,46.91%,<$0.01
/frontpage/news/china-vaccine-vero-cell-green-light-human-trial-bangladesh-2116881,"17,177","15,452",0:02:29,"15,246",47.01%,61.41%,<$0.01
/https://www.thedailystar.net/bangla/à¦…à¦°à§à¦¥à¦¨à§€à¦¤à¦¿/à¦¶à§‡à§Ÿà¦¾à¦°à¦¬à¦¾à¦œà¦¾à¦°/à§­-à¦¹à¦¾à¦œà¦¾à¦°-à¦ªà§Ÿà§‡à¦¨à§à¦Ÿ-à¦›à¦¾à§œà¦¿à§Ÿà§‡-à¦¨à¦¤à§à¦¨-à¦‰à¦šà§à¦šà¦¤à¦¾à§Ÿ-à¦¶à§‡à§Ÿà¦¾à¦°à¦¬à¦¾à¦œà¦¾à¦°-258051,"17,114","16,987",0:00:40,128,0.00%,70.59%,<$0.01
/youth/education/campus/news/ssc-hsc-examinees-likely-attend-4-classes-each-day-2170731,"16,900","14,328",0:01:55,"13,929",63.19%,66.62%,<$0.01
/https://www.thedailystar.net/bangla/à¦¸à¦‚à¦¬à¦¾à¦¦/à¦¬à¦¾à¦‚à¦²à¦¾à¦¦à§‡à¦¶/à¦…à¦ªà¦°à¦¾à¦§-à¦“-à¦¬à¦¿à¦šà¦¾à¦°/à¦à¦¡à¦¿à¦¸à¦¿-à¦—à§‹à¦²à¦¾à¦®-à¦¸à¦¾à¦•à¦²à¦¾à¦‡à¦¨à¦•à§‡-à¦¡à¦¿à¦¬à¦¿-à¦¥à§‡à¦•à§‡-à¦¸à¦°à¦¿à§Ÿà§‡-à¦¦à§‡à¦“à§Ÿà¦¾-à¦¹à¦šà§à¦›à§‡-247606,"16,743","16,609",0:00:37,69,0.00%,55.88%,<$0.01
/tech-startup/news/surokkha-under-attack-27-other-infrastructure-under-risk-palak-2151571,"16,714","15,237",0:02:29,"13,827",56.22%,68.80%,<$0.01
/law-our-rights/news/what-does-the-quran-say-regarding-polygamy-2076941?amp=,"16,587","15,439",0:04:08,"15,409",87.79%,87.43%,$0.00 
/law-our-rights,"16,557","9,687",0:01:14,"4,273",36.15%,22.76%,$0.03 
/https://www.thedailystar.net/bangla/à¦–à§‡à¦²à¦¾/à¦«à§à¦Ÿà¦¬à¦²/à¦ªà¦¿à¦à¦¸à¦œà¦¿à¦°-à¦¹à§Ÿà§‡-à¦­à¦¾à¦²à§‹-à¦•à¦¿à¦›à§-à¦•à¦°à¦¤à§‡-à¦†à¦®à¦¿-à¦¦à§ƒà§à¦ªà§à¦°à¦¤à¦¿à¦œà§à¦ž-à¦®à§‡à¦¸à¦¿-249011,"16,501","16,363",0:01:28,140,0.00%,69.03%,<$0.01
/bangla/à¦¸à¦‚à¦¬à¦¾à¦¦/à¦¬à¦¾à¦‚à¦²à¦¾à¦¦à§‡à¦¶/à¦œà¦¨à¦ªà§à¦°à¦¶à¦¾à¦¸à¦¨à§‡à¦°-à¦‰à¦šà§à¦šà¦ªà¦°à§à¦¯à¦¾à§Ÿà§‡-à¦…à¦¸à§à¦¬à¦¾à¦­à¦¾à¦¬à¦¿à¦•-à¦ªà¦¦à§‹à¦¨à§à¦¨à¦¤à¦¿-254556,"16,298","15,465",0:05:47,"14,296",75.77%,78.72%,<$0.01
/bangla/à¦¸à¦‚à¦¬à¦¾à¦¦/à¦¬à¦¾à¦‚à¦²à¦¾à¦¦à§‡à¦¶/à¦¬à¦œà§à¦°à¦ªà¦¾à¦¤à§‡-à¦¨à¦¿à¦¹à¦¤à¦¦à§‡à¦°-à¦•à¦™à§à¦•à¦¾à¦²-à¦šà§à¦°à¦¿-à¦ à§‡à¦•à¦¾à¦¤à§‡-à¦•à¦¬à¦°à§‡-à¦•à¦‚à¦•à§à¦°à¦¿à¦Ÿà§‡à¦°-à¦¢à¦¾à¦²à¦¾à¦‡-248096,"16,155","15,525",0:02:56,"14,937",61.37%,71.19%,<$0.01
/shout/education/why-i-chose-be-teacher-191518?amp=,"16,082","13,967",0:03:49,"13,929",71.34%,70.82%,$0.00 
/https://www.thedailystar.net/bangla/à¦¬à¦¿à¦¨à§‹à¦¦à¦¨/à¦Ÿà¦¿à¦­à¦¿-à¦“-à¦¸à¦¿à¦¨à§‡à¦®à¦¾/à¦¬à¦²à¦¿à¦‰à¦¡/à¦à¦¸à§à¦¤à§‹à¦¨à¦¿à§Ÿà¦¾à¦°-à¦ªà¦¥à§‡-à¦°à¦¾à¦¨à§€-à¦®à§à¦–à¦¾à¦°à§à¦œà¦¿-249096,"15,961","15,860",0:00:44,46,0.00%,55.94%,<$0.01
/world/kerala-india-13-year-old-girl-sold-sex-parents-110059?amp=,"15,875","15,048",0:00:21,"15,004",65.72%,65.93%,$0.00 
/about-us,"15,636","13,650",0:01:36,"2,367",62.69%,39.50%,$0.04 
/https://www.thedailystar.net/bangla/à¦¸à¦‚à¦¬à¦¾à¦¦/à¦¬à¦¾à¦‚à¦²à¦¾à¦¦à§‡à¦¶/à¦…à¦ªà¦°à¦¾à¦§-à¦“-à¦¬à¦¿à¦šà¦¾à¦°/à¦œà¦¾à¦ªà¦¾à¦¨à¦¿-à¦¨à¦¾à¦°à§€à¦°-à¦¦à§à¦‡-à¦¸à¦¨à§à¦¤à¦¾à¦¨à¦•à§‡-à¦¹à¦¾à¦‡à¦•à§‹à¦°à§à¦Ÿà§‡-à¦¹à¦¾à¦œà¦¿à¦°-à¦•à¦°à¦¾à¦°-à¦¨à¦¿à¦°à§à¦¦à§‡à¦¶-252021,"15,491","15,410",0:01:00,63,0.00%,73.66%,<$0.01
/submissions-op-eds-and-letters,"15,376","11,733",0:03:29,"7,696",55.44%,53.87%,$0.02 
/bangla/à¦¤à¦¾à¦°à§à¦£à§à¦¯/à¦¶à¦¿à¦•à§à¦·à¦¾/à¦¬à¦¿à¦¶à§à¦¬à¦¸à§‡à¦°à¦¾à¦°-à¦¤à¦¾à¦²à¦¿à¦•à¦¾à§Ÿ-à¦¬à¦¾à¦‚à¦²à¦¾à¦¦à§‡à¦¶à§‡à¦°-à§©-à¦¬à¦¿à¦¶à§à¦¬à¦¬à¦¿à¦¦à§à¦¯à¦¾à¦²à§Ÿ-258086,"15,233","14,564",0:02:05,"13,773",66.64%,70.47%,<$0.01
/bangla/à¦¸à¦‚à¦¬à¦¾à¦¦/à¦¬à¦¾à¦‚à¦²à¦¾à¦¦à§‡à¦¶/à¦¸à§à¦¨à¦¿à¦°à§à¦¦à¦¿à¦·à§à¦Ÿ-à¦…à¦­à¦¿à¦¯à§‹à¦—à§‡-à¦ªà¦°à§€à¦®à¦¨à¦¿à¦°-à¦¬à¦¾à¦¸à¦¾à§Ÿ-à¦°â€à§à¦¯à¦¾à¦¬à§‡à¦°-à¦…à¦­à¦¿à¦¯à¦¾à¦¨-246611,"15,109","14,375",0:01:15,"13,511",44.04%,51.50%,<$0.01
/bangla/à¦¬à¦¿à¦¨à§‹à¦¦à¦¨/à¦Ÿà¦¿à¦­à¦¿-à¦“-à¦¸à¦¿à¦¨à§‡à¦®à¦¾/à¦¢à¦¾à¦²à¦¿à¦‰à¦¡/à¦¸à¦¾à¦²à¦®à¦¾à¦¨-à¦¶à¦¾à¦¹à¦•à§‡-à¦¨à¦¿à§Ÿà§‡-à¦®à§Œà¦¸à§à¦®à§€à¦°-à¦¨à¦¾-à¦¬à¦²à¦¾-à¦•à¦¥à¦¾-258551,"15,071","14,109",0:06:54,"13,555",61.44%,71.35%,<$0.01
/arts-entertainment,"14,954","10,150",0:01:02,"2,737",35.86%,22.19%,$0.02 
/bangla/à¦–à§‡à¦²à¦¾/à¦•à§à¦°à¦¿à¦•à§‡à¦Ÿ/à¦¬à¦¾à¦‚à¦²à¦¾à¦¦à§‡à¦¶à§‡à¦°-à¦‰à¦¦à¦¯à¦¾à¦ªà¦¨à§‡à¦°-à¦­à¦¿à¦¡à¦¿à¦“-à¦¨à¦¿à§Ÿà§‡-à¦…à¦¸à§à¦Ÿà§à¦°à§‡à¦²à¦¿à§Ÿà¦¾-à¦¦à¦²à§‡-à¦à¦—à§œà¦¾-249216,"14,945","13,807",0:04:19,"12,917",56.65%,75.41%,<$0.01
/entertainment/tv-film,"14,897","10,517",0:00:51,889,39.37%,14.48%,$0.02 
/youth/education,"14,829","11,227",0:00:54,"1,126",52.40%,19.05%,$0.03 
/star-weekend/remembrance/celebrating-eid-without-loved-ones-1424014?amp=,"14,665","12,656",0:03:30,"12,585",78.69%,77.25%,<$0.01
/bangla/à¦–à§‡à¦²à¦¾/à¦«à§à¦Ÿà¦¬à¦²,"14,591","11,386",0:01:02,"5,400",50.38%,35.31%,<$0.01
/bangla/node/233681,"14,490","13,393",0:03:04,"13,096",62.95%,70.50%,<$0.01
/opinion/perspective/news/the-use-religion-indian-politics-1766164?amp=,"14,419","11,463",0:04:32,"11,416",69.38%,67.62%,$0.00 
/shout/news/sex-ed-should-be-taught-schools-heres-why-2004997?amp=,"14,412","12,930",0:03:32,"12,846",82.32%,81.06%,$0.00 
/https://www.thedailystar.net/bangla/à¦¬à¦¿à¦¨à§‹à¦¦à¦¨/à¦Ÿà¦¿à¦­à¦¿-à¦“-à¦¸à¦¿à¦¨à§‡à¦®à¦¾/à¦¢à¦¾à¦²à¦¿à¦‰à¦¡/à¦…à¦¡à¦¿à¦¶à¦¨-à¦¦à¦¿à§Ÿà§‡à¦‡-à¦¶à§à¦­à¦°-à¦¨à¦¾à§Ÿà¦¿à¦•à¦¾-à¦à¦¶à§€-260356,"14,278","14,139",0:01:02,60,0.00%,66.96%,<$0.01
/bangla/à¦¸à¦‚à¦¬à¦¾à¦¦/à¦¬à¦¾à¦‚à¦²à¦¾à¦¦à§‡à¦¶/à¦…à¦ªà¦°à¦¾à¦§-à¦“-à¦¬à¦¿à¦šà¦¾à¦°/à¦‡à¦­à§à¦¯à¦¾à¦²à¦¿à¦°-à¦¸à¦¿à¦‡à¦“-à¦°à¦¾à¦¸à§‡à¦²-à¦“-à¦šà§‡à§Ÿà¦¾à¦°à¦®à§à¦¯à¦¾à¦¨-à¦¶à¦¾à¦®à§€à¦®à¦¾-à¦—à§à¦°à§‡à¦ªà§à¦¤à¦¾à¦°-261781,"14,252","13,333",0:02:15,"12,342",50.08%,58.20%,<$0.01
/bangla/à¦¸à¦‚à¦¬à¦¾à¦¦/à¦¬à¦¾à¦‚à¦²à¦¾à¦¦à§‡à¦¶/à¦…à¦ªà¦°à¦¾à¦§-à¦“-à¦¬à¦¿à¦šà¦¾à¦°/à¦à¦¹à¦¸à¦¾à¦¨-à¦—à§à¦°à§à¦ªà§‡à¦°-à¦šà§‡à¦¯à¦¼à¦¾à¦°à¦®à§à¦¯à¦¾à¦¨-à¦°à¦¾à¦—à§€à¦¬-à¦†à¦¹à¦¸à¦¾à¦¨-à¦†à¦Ÿà¦•-259706,"14,233","13,501",0:00:48,"12,834",35.33%,42.04%,<$0.01
/bangla/à¦¸à¦‚à¦¸à§à¦•à§ƒà¦¤à¦¿,"14,161","10,899",0:00:45,"1,275",78.10%,17.57%,$0.05 
/bangla/à¦…à¦°à§à¦¥à¦¨à§€à¦¤à¦¿/à¦Ÿà¦¾à¦•à¦¾à¦°-à¦…à¦¬à¦®à§‚à¦²à§à¦¯à¦¾à§Ÿà¦¨-à¦ à§‡à¦•à¦¾à¦¤à§‡-à¦¡à¦²à¦¾à¦°-à¦¬à¦¿à¦•à§à¦°à¦¿-à¦¬à¦¾à§œà¦¿à§Ÿà§‡à¦›à§‡-à¦•à§‡à¦¨à§à¦¦à§à¦°à§€à§Ÿ-à¦¬à§à¦¯à¦¾à¦‚à¦•-254826,"14,144","13,584",0:04:47,"13,028",77.28%,80.75%,<$0.01
/culture,"14,138","10,861",0:00:47,"1,105",57.43%,15.42%,$0.03 
/city/news/facebook-gets-the-newsletter-game-bulletin-2122026?amp=,"14,112","13,581",0:00:53,264,59.85%,58.72%,<$0.01
/bangla/à¦¸à¦‚à¦¬à¦¾à¦¦/à¦¬à¦¾à¦‚à¦²à¦¾à¦¦à§‡à¦¶/à¦¨à¦¿à¦°à§à¦¬à¦¾à¦šà¦¨/à¦¸à§à¦¥à¦—à¦¿à¦¤-à§§à§¬à§§-à¦‡à¦‰à¦ªà¦¿-à¦¨à¦¿à¦°à§à¦¬à¦¾à¦šà¦¨-à¦…à¦¨à§à¦·à§à¦ à¦¿à¦¤-à¦¹à¦¬à§‡-à§¨à§¦-à¦¸à§‡à¦ªà§à¦Ÿà§‡à¦®à§à¦¬à¦°-257236,"14,061","12,487",0:01:36,"12,183",46.17%,52.00%,<$0.01
/bangla/à¦¸à¦‚à¦¬à¦¾à¦¦/à¦¬à¦¾à¦‚à¦²à¦¾à¦¦à§‡à¦¶/à¦†à¦¬à¦¾à¦°à¦“-à¦ªà¦¦à§à¦®à¦¾-à¦¸à§‡à¦¤à§à¦°-à¦¸à§à¦ªà§à¦¯à¦¾à¦¨à§‡-à¦§à¦¾à¦•à§à¦•à¦¾-à¦­à§‡à¦™à§‡à¦›à§‡-à¦«à§‡à¦°à¦¿à¦°-à¦®à¦¾à¦¸à§à¦¤à§à¦²-256121,"13,982","13,396",0:01:37,"12,896",47.57%,55.33%,<$0.01
/star-live/news/how-register-the-covid-19-vaccine-bangladesh-2040777,"13,743","11,821",0:01:26,"11,302",46.06%,55.82%,<$0.01
/health/post-dengue-fever-precautions-avoid-further-complications-1793551?amp=,"13,718","13,020",0:02:50,"12,989",77.50%,77.56%,$0.00 
/life-living/travel/news/air-astra-newest-bangladeshi-airline-set-take-the-skies-jan-2022-2169086,"13,717","12,410",0:01:38,"11,035",42.38%,49.57%,<$0.01
/bangla/à¦ªà§à¦°à¦¬à¦¾à¦¸à§‡/à¦…à¦­à¦¿à¦¬à¦¾à¦¸à¦¨/à¦ªà§à¦°à¦¬à¦¾à¦¸à§€-à¦•à¦°à§à¦®à§€à¦¦à§‡à¦°-à¦Ÿà¦¿à¦•à¦¾-à¦¨à¦¿à¦¤à§‡-à¦¦à§‡à¦¶-à¦…à¦¨à§à¦¯à¦¾à§Ÿà§€-à¦°à§‡à¦œà¦¿à¦¸à§à¦Ÿà§à¦°à§‡à¦¶à¦¨à§‡à¦°-à¦¨à¦¿à¦°à§à¦¦à§‡à¦¶à¦¨à¦¾-236071,"13,693","12,361",0:01:44,"11,992",38.77%,47.09%,<$0.01
/health/disease/coronavirus/fallouts-fightback/transmission-trend/news/schools-colleges-will-be-closed-again-if-covid-19-infection-rises-health?amp=,"13,552","13,033",0:00:55,"12,726",77.28%,76.66%,$0.00 
/bangla/anandadhara/à¦­à§à¦°à¦®à¦£/à¦•à¦®-à¦–à¦°à¦šà§‡-à¦‡à¦‰à¦à¦¸-à¦¬à¦¾à¦‚à¦²à¦¾à§Ÿ-à¦•à¦•à§à¦¸à¦¬à¦¾à¦œà¦¾à¦°-à¦­à§à¦°à¦®à¦£-252681,"13,449","12,831",0:01:20,"12,474",49.05%,58.00%,<$0.01
/life-living/travel/news/air-astra-newest-bangladeshi-airline-set-take-the-skies-jan-2022-2169086?amp=,"13,445","12,182",0:01:06,"10,004",54.63%,51.84%,<$0.01
/https://www.thedailystar.net/bangla/à¦–à§‡à¦²à¦¾/à¦«à§à¦Ÿà¦¬à¦²/à¦•à¦¿à¦›à§à¦‡-à¦†à¦¬à¦¾à¦°-à¦†à¦—à§‡à¦°-à¦®à¦¤à§‹-à¦¹à¦¬à§‡-à¦¨à¦¾-à¦ªà¦¿à¦•à§‡-247541,"13,386","13,280",0:01:51,89,2.47%,58.73%,<$0.01
/https://www.thedailystar.net/country/news/covid-19-fallout-jhenidah-mango-growers-feel-the-pinch-2121826,"13,307","12,981",0:01:43,81,0.00%,56.26%,<$0.01
/views/in-focus,"13,179","11,830",0:01:02,"8,037",95.31%,62.99%,$0.01 
/bangla/à¦ªà¦°à¦¿à¦¬à§‡à¦¶,"13,168","10,193",0:01:01,"1,076",67.53%,18.50%,$0.08 
/bangla/à¦…à¦­à¦¿à¦®à¦¤,"13,074","9,196",0:00:37,644,57.48%,11.60%,$0.17 
/bangla/à¦¬à¦¿à¦¨à§‹à¦¦à¦¨/à¦Ÿà¦¿à¦­à¦¿-à¦“-à¦¸à¦¿à¦¨à§‡à¦®à¦¾/à¦¢à¦¾à¦²à¦¿à¦‰à¦¡/à¦¦à§à¦ƒà¦¸à§à¦¬à¦ªà§à¦¨à§‡à¦°-à§¨à§­-à¦¦à¦¿à¦¨ à¦ªà¦°à§€à¦®à¦¨à¦¿-256831,"13,069","12,516",0:02:14,"11,340",47.74%,55.38%,<$0.01
/bangla/à¦¬à¦¿à¦¨à§‹à¦¦à¦¨/à¦Ÿà¦¿à¦­à¦¿-à¦“-à¦¸à¦¿à¦¨à§‡à¦®à¦¾/à¦¬à¦²à¦¿à¦‰à¦¡/à¦¬à¦¿à¦—-à¦¬à¦¸-à§§à§©-à¦¬à¦¿à¦œà§Ÿà§€-à¦¸à¦¿à¦¦à§à¦§à¦¾à¦°à§à¦¥-à¦¶à§à¦•à§à¦²à¦¾-à¦®à¦¾à¦°à¦¾-à¦—à§‡à¦›à§‡à¦¨-257041,"13,045","12,531",0:00:45,"11,836",32.74%,39.01%,<$0.01
/bangla/à¦¸à¦‚à¦¬à¦¾à¦¦/à¦¬à¦¾à¦‚à¦²à¦¾à¦¦à§‡à¦¶/à¦«à§‡à¦°à¦¿-à¦šà¦²à¦¾à¦šà¦²à§‡à¦°-à¦œà¦¨à§à¦¯à§‡-à¦šà¦¿à¦¹à§à¦¨à¦¿à¦¤-à¦•à¦°à¦¾-à¦¹à¦²à§‹-à¦ªà¦¦à§à¦®à¦¾-à¦¸à§‡à¦¤à§à¦°-à¦ªà¦¿à¦²à¦¾à¦°-250556,"12,873","12,394",0:04:08,"12,157",72.33%,78.12%,<$0.01
/bangla/à¦–à§‡à¦²à¦¾/à¦«à§à¦Ÿà¦¬à¦²/à¦®à§‡à¦¸à¦¿-à¦¨à¦¾-à¦¯à§‡à¦¤à§‡à¦‡-à¦¬à¦¾à§œà¦›à§‡-à¦«à§à¦°à¦¾à¦¨à§à¦¸à§‡à¦°-à¦«à§à¦Ÿà¦¬à¦²-à¦¸à¦‚à¦¶à§à¦²à¦¿à¦·à§à¦Ÿ-à¦•à§‹à¦®à§à¦ªà¦¾à¦¨à¦¿à¦°-à¦¶à§‡à§Ÿà¦¾à¦°à§‡à¦°-à¦¦à¦¾à¦®-248376,"12,813","12,375",0:02:33,"11,546",55.02%,62.38%,<$0.01
/https://www.thedailystar.net/bangla/à¦ªà§à¦°à¦¬à¦¾à¦¸à§‡/à¦¯à¦¾à¦“à§Ÿà¦¾-à¦†à¦¸à¦¾/à¦à§Ÿà¦¾à¦°à¦²à¦¾à¦‡à¦¨à¦¸-à¦“-à¦…à¦¨à§à¦¯à¦¾à¦¨à§à¦¯/à¦¬à¦¿à¦®à¦¾à¦¨à¦•à§‡-à¦†à¦«à¦—à¦¾à¦¨à¦¿à¦¸à§à¦¤à¦¾à¦¨à§‡-à¦«à§à¦²à¦¾à¦‡à¦Ÿ-à¦ªà¦°à¦¿à¦šà¦¾à¦²à¦¨à¦¾à¦°-à¦ªà§à¦°à¦¸à§à¦¤à¦¾à¦¬-à¦¯à§à¦•à§à¦¤à¦°à¦¾à¦·à§à¦Ÿà§à¦°à§‡à¦°,"12,764","12,669",0:01:20,36,0.00%,66.84%,<$0.01
/bangla/à¦–à§‡à¦²à¦¾/à¦«à§à¦Ÿà¦¬à¦²/à¦°à§‹à¦¨à¦¾à¦²à¦¦à§‹à¦°-à¦¸à§‡à¦‡-à¦§à¦°à§à¦·à¦£à§‡à¦°-à¦…à¦­à¦¿à¦¯à§‹à¦—à§‡-à¦¬à¦¿à¦®à¦¾à¦¨-à¦ªà§à¦°à¦¤à¦¿à¦¬à¦¾à¦¦-260306#.YT2rgViUgRE.facebook,"12,710","12,171",0:02:23,"11,817",50.54%,58.71%,<$0.01
/https://www.thedailystar.net/bangla/à¦–à§‡à¦²à¦¾/à¦•à§à¦°à¦¿à¦•à§‡à¦Ÿ/à¦¬à§à¦¯à¦•à§à¦¤à¦¿à¦—à¦¤-à¦…à¦°à§à¦œà¦¨à¦—à§à¦²à§‹-à¦†à¦°à¦“-à¦­à¦¾à¦²à§‹-à¦–à§‡à¦²à¦¤à§‡-à¦…à¦¨à§à¦ªà§à¦°à¦¾à¦£à¦¿à¦¤-à¦•à¦°à§‡-à¦¸à¦¾à¦•à¦¿à¦¬à¦•à§‡-248561,"12,671","12,587",0:01:44,130,0.00%,72.24%,<$0.01
/arts-entertainment/movie-review-xxx-return-xander-cage-1348711?amp=,"12,659","12,014",0:00:42,"11,976",75.69%,75.61%,$0.00 
/news/bangladesh/transport/news/dhaka-metro-rail-rolling-out-the-open-sunday-2161776,"12,657","11,218",0:03:33,"9,511",64.56%,68.30%,$0.01 
/bangla/à¦¸à¦‚à¦¬à¦¾à¦¦/à¦¬à¦¿à¦¶à§à¦¬/à¦®à¦§à§à¦¯à¦ªà§à¦°à¦¾à¦šà§à¦¯/à¦¬à§à¦°à§à¦œ-à¦–à¦²à¦¿à¦«à¦¾à¦°-à¦šà§‚à§œà¦¾à§Ÿ-à¦à¦®à¦¿à¦°à§‡à¦Ÿà¦¸à§‡à¦°-à¦¬à¦¿à¦œà§à¦žà¦¾à¦ªà¦¨à§‡à¦°-à¦¶à§à¦Ÿà¦¿à¦‚-248916,"12,654","11,784",0:01:49,"11,155",53.71%,61.89%,<$0.01
/bangla/à¦¤à¦¾à¦°à§à¦£à§à¦¯/à¦¶à¦¿à¦•à§à¦·à¦¾/à¦‡à¦‰à¦œà¦¿à¦¸à¦¿à¦°-à¦“à§Ÿà§‡à¦¬-à¦²à¦¿à¦‚à¦•à§‡-à¦—à¦¿à§Ÿà§‡-à¦Ÿà¦¿à¦•à¦¾à¦°-à¦¨à¦¿à¦¬à¦¨à§à¦§à¦¨-à¦•à¦°à¦¤à§‡-à¦ªà¦¾à¦°à¦¬à§‡à¦¨-à¦¬à¦¿à¦¶à§à¦¬à¦¬à¦¿à¦¦à§à¦¯à¦¾à¦²à§Ÿ-à¦¶à¦¿à¦•à§à¦·à¦¾à¦°à§à¦¥à§€à¦°à¦¾-261816,"12,607","6,532",0:01:09,"6,290",22.06%,41.93%,<$0.01
/do-not-take-medicine-with-milk-7340?amp=,"12,586","12,063",0:05:43,"12,057",95.84%,95.66%,$0.00 
/bangla/à¦–à§‡à¦²à¦¾/à¦«à§à¦Ÿà¦¬à¦²/à¦à¦®à¦¬à¦¾à¦ªà§‡à¦•à§‡-à¦•à§‡à¦¨à¦¾à¦°-à¦•à¦¾à¦›à¦¾à¦•à¦¾à¦›à¦¿-à¦°à¦¿à§Ÿà¦¾à¦²-253601#.YSTLAlUnPHw.facebook,"12,584","12,207",0:03:17,"11,768",61.05%,68.83%,<$0.01
/science/7-theories-the-origin-life-77163,"12,560","10,954",0:04:48,"10,931",63.28%,70.88%,<$0.01
/country/news/raudha-gave-her-despair-pbi-final-report-1750687?amp=,"12,539","12,002",0:03:23,"11,837",70.93%,71.02%,<$0.01
/bangla/à¦¸à¦‚à¦¬à¦¾à¦¦/à¦¬à¦¾à¦‚à¦²à¦¾à¦¦à§‡à¦¶/à¦…à¦ªà¦°à¦¾à¦§-à¦“-à¦¬à¦¿à¦šà¦¾à¦°/à¦ªà¦°à§€à¦®à¦¨à¦¿-à¦“-à¦¨à¦œà¦°à§à¦²-à¦°à¦¾à¦œà§‡à¦°-à¦¬à¦¾à¦¸à¦¾-à¦¥à§‡à¦•à§‡-à¦¯à¦¾-à¦œà¦¬à§à¦¦-à¦•à¦°à§‡à¦›à§‡-à¦°â€à§à¦¯à¦¾à¦¬-246996,"12,526","11,425",0:02:05,"10,717",54.95%,61.76%,<$0.01
/bangla/à¦…à¦°à§à¦¥à¦¨à§€à¦¤à¦¿/à¦¶à¦¿à¦²à§à¦ª-à¦•à¦¾à¦°à¦–à¦¾à¦¨à¦¾/à¦†à¦‡à¦¸à¦¿à¦Ÿà¦¿/à¦¨à¦¾à¦°à§€à¦°à¦¾à¦‡-à¦¬à§‡à¦¶à¦¿-à¦¬à§à¦¯à¦¬à¦¹à¦¾à¦°-à¦•à¦°à¦›à§‡-à¦‡à¦¨à§à¦Ÿà¦¾à¦°à¦¨à§‡à¦Ÿ-253121,"12,507","11,697",0:03:09,"11,205",87.85%,89.65%,<$0.01
/https://www.thedailystar.net/bangla/à¦¸à§à¦¬à¦¾à¦¸à§à¦¥à§à¦¯/à¦•à¦°à§‹à¦¨à¦¾à¦­à¦¾à¦‡à¦°à¦¾à¦¸/à¦†à¦¬à¦¾à¦°à¦“-à¦°à§‡à¦•à¦°à§à¦¡-à§¨à§¬à§ª-à¦œà¦¨à§‡à¦°-à¦®à§ƒà¦¤à§à¦¯à§-à¦¶à¦¨à¦¾à¦•à§à¦¤à§‡à¦°-à¦¹à¦¾à¦°-à§¨à§©à§«à§ª-à¦¶à¦¤à¦¾à¦‚à¦¶-248806,"12,378","12,244",0:01:39,119,0.00%,76.64%,<$0.01
/https://www.thedailystar.net/bangla/à¦¬à¦¿à¦¨à§‹à¦¦à¦¨/à¦Ÿà¦¿à¦­à¦¿-à¦“-à¦¸à¦¿à¦¨à§‡à¦®à¦¾/à¦¬à¦²à¦¿à¦‰à¦¡/à§©-à¦¦à¦¿à¦¨à§‡-à¦•à¦¤-à¦†à§Ÿ-à¦•à¦°à¦²-à¦…à¦®à¦¿à¦¤à¦¾à¦­-à¦¬à¦šà§à¦šà¦¨à§‡à¦°-à¦šà§‡à¦¹à¦°à§‡-255931,"12,367","12,267",0:00:43,25,0.00%,50.61%,<$0.01
/bangla/à¦¶à§€à¦°à§à¦·-à¦–à¦¬à¦°/à¦•à¦¾à¦°à§à¦¬à¦¨-à¦¡à¦¾à¦‡-à¦…à¦•à§à¦¸à¦¾à¦‡à¦¡-à¦¸à¦‚à¦—à§à¦°à¦¹à§‡-à¦†à¦‡à¦¸à¦²à§à¦¯à¦¾à¦¨à§à¦¡à§‡-à¦¬à¦¿à¦¶à§à¦¬à§‡à¦°-à¦¬à§ƒà¦¹à¦¤à§à¦¤à¦®-à¦ªà§à¦²à¦¾à¦¨à§à¦Ÿ-à¦šà¦¾à¦²à§-259896,"12,325","11,565",0:02:34,"11,232",51.15%,60.93%,<$0.01
/bangla/à¦–à§‡à¦²à¦¾/à¦•à§à¦°à¦¿à¦•à§‡à¦Ÿ/à¦•à§‹à¦¨-à¦ªà§à¦°à¦•à§à¦°à¦¿à§Ÿà¦¾-à¦®à§‡à¦¨à§‡-à¦•à§‹à¦š-à¦¨à¦¿à§Ÿà§‹à¦—-à¦¹à§Ÿ-à¦œà¦¾à¦¨à¦¤à§‡-à¦šà¦¾à¦¨-à¦®à¦¾à¦¶à¦°à¦¾à¦«à¦¿-258686#.YTcaG7hQTWc.facebook,"12,317","11,749",0:05:53,"11,543",66.17%,75.16%,<$0.01
/bangla/à¦¸à¦‚à¦¬à¦¾à¦¦/à¦¬à¦¾à¦‚à¦²à¦¾à¦¦à§‡à¦¶/à¦…à¦ªà¦°à¦¾à¦§-à¦“-à¦¬à¦¿à¦šà¦¾à¦°/à¦•à¦²à§‡à¦œ-à¦¶à¦¿à¦•à§à¦·à¦¾à¦°à§à¦¥à§€à¦°-à¦®à§ƒà¦¤à§à¦¯à§-à¦¡à¦¿à¦à¦¨à¦-à¦ªà¦°à§€à¦•à§à¦·à¦¾-à¦›à¦¾à§œà¦¾à¦‡-à¦¤à¦¦à¦¨à§à¦¤-à¦ªà§à¦°à¦¤à¦¿à¦¬à§‡à¦¦à¦¨-245431,"12,285","11,744",0:04:27,"11,269",73.13%,77.55%,<$0.01
/bangla/à¦¸à¦‚à¦¬à¦¾à¦¦/à¦¬à¦¾à¦‚à¦²à¦¾à¦¦à§‡à¦¶/à¦…à¦ªà¦°à¦¾à¦§-à¦“-à¦¬à¦¿à¦šà¦¾à¦°/à¦ªà¦°à§€à¦®à¦¨à¦¿à¦•à§‡-à¦§à¦°à§à¦·à¦£-à¦¹à¦¤à§à¦¯à¦¾-à¦šà§‡à¦·à§à¦Ÿà¦¾-à¦¨à¦¾à¦¸à¦¿à¦°à¦¸à¦¹-à§©-à¦œà¦¨à§‡à¦°-à¦¨à¦¾à¦®à§‡-à¦šà¦¾à¦°à§à¦œà¦¶à¦¿à¦Ÿ-258501,"12,194","11,739",0:01:31,"10,744",48.82%,56.75%,<$0.01
/https://www.thedailystar.net/bangla/à¦¸à¦‚à¦¬à¦¾à¦¦/à¦¬à¦¾à¦‚à¦²à¦¾à¦¦à§‡à¦¶/à¦…à¦ªà¦°à¦¾à¦§-à¦“-à¦¬à¦¿à¦šà¦¾à¦°/à¦¨à¦¾à¦°à¦¾à§Ÿà¦£à¦—à¦žà§à¦œà§‡-à¦¸à§à¦•à§à¦²à¦¶à¦¿à¦•à§à¦·à¦¾à¦°à§à¦¥à§€à¦•à§‡-à¦¸à¦‚à¦˜à¦¬à¦¦à§à¦§-à¦§à¦°à§à¦·à¦£-à¦—à§à¦°à§‡à¦ªà§à¦¤à¦¾à¦°-à§¯-259556,"12,109","12,024",0:01:05,93,0.00%,64.83%,<$0.01
/opinion/macro-mirror/news/life-after-the-pandemic-1899088?amp=,"12,094","9,433",0:04:07,"9,395",69.25%,67.60%,$0.00 
/lifestyle/loving-and-living-plants/the-flower-maryam-comes-162628?amp=,"12,084","11,021",0:03:17,"10,985",73.13%,73.00%,$0.00 
/health/disease/coronavirus/fallouts-fightback/vaccine/news/registration-vaccine-passport-birth-certificate-be-allowed-2141616,"12,005","10,529",0:01:39,"9,901",50.07%,54.89%,<$0.01
/youth/education/news/schools-colleges-reopen-sept-12-2169051,"11,751","10,206",0:01:52,"8,695",56.24%,57.47%,$0.02 
/bangla/à¦…à¦°à§à¦¥à¦¨à§€à¦¤à¦¿/à¦®à¦¾à¦¥à¦¾à¦ªà¦¿à¦›à§-à¦†à§Ÿ-à¦¬à§‡à§œà§‡-à§¨à§¨à§¨à§­-à¦¡à¦²à¦¾à¦°-à¦¬à¦¿à¦¬à¦¿à¦à¦¸-247116,"11,746","10,834",0:01:56,"10,221",59.55%,64.35%,<$0.01
/bangla/à¦¸à¦‚à¦¬à¦¾à¦¦/à¦¬à¦¾à¦‚à¦²à¦¾à¦¦à§‡à¦¶/à¦…à¦ªà¦°à¦¾à¦§-à¦“-à¦¬à¦¿à¦šà¦¾à¦°/à¦˜à¦°à§‡-à¦¬à¦¸à§‡-à¦Ÿà¦¿à¦•à¦¾-à¦¨à§‡à¦“à§Ÿà¦¾à¦°-à¦…à¦­à¦¿à¦¯à§‹à¦—à§‡-à¦—à§à¦°à§‡à¦ªà§à¦¤à¦¾à¦°-à§¨-248496,"11,684","10,982",0:03:06,"10,296",70.07%,75.51%,<$0.01
/bangla/à¦¤à¦¾à¦°à§à¦£à§à¦¯,"11,630","8,940",0:00:53,447,46.86%,13.83%,$0.05 
/https://www.thedailystar.net/entertainment/tv-film/news/television-specials-watch-nazruls-death-anniversary-2162176,"11,559","11,406",0:01:27,63,0.00%,77.99%,<$0.01
/views/opinion/news/100-years-dhaka-university-2136736?amp=,"11,506","9,318",0:03:42,"8,980",64.21%,63.26%,<$0.01
/bangla/à¦–à§‡à¦²à¦¾/à¦•à§à¦°à¦¿à¦•à§‡à¦Ÿ/à¦šà¦¾à¦°-à¦¹à¦¾à¦°à§‡à¦°-à¦­à¦¾à¦°-à¦¨à¦¿à§Ÿà§‡-à¦¦à§‡à¦¶à§‡à¦°-à¦ªà¦¥à§‡-à¦…à¦¸à§à¦Ÿà§à¦°à§‡à¦²à¦¿à§Ÿà¦¾-à¦¦à¦²-248586,"11,478","11,074",0:02:12,"9,829",40.07%,49.33%,<$0.01
/health/health-tips/10-warning-signs-ulcers-1238068?amp=,"11,460","10,954",0:01:57,"10,936",72.37%,72.80%,$0.00 
/https://www.thedailystar.net/bangla/à¦¸à¦‚à¦¬à¦¾à¦¦/à¦¬à¦¾à¦‚à¦²à¦¾à¦¦à§‡à¦¶/à¦…à¦ªà¦°à¦¾à¦§-à¦“-à¦¬à¦¿à¦šà¦¾à¦°/à¦œà¦¾à¦¬à¦¿-à¦¶à¦¿à¦•à§à¦·à¦¾à¦°à§à¦¥à§€à¦•à§‡-à¦®à¦¾à¦°à¦§à¦°à§‡à¦°-à¦ªà§à¦°à¦¤à¦¿à¦¬à¦¾à¦¦à§‡-à¦®à¦¾à¦¨à¦¬à¦¬à¦¨à§à¦§à¦¨-à§ª-à¦†à¦¨à¦¸à¦¾à¦°-à¦¸à¦¦à¦¸à§à¦¯-à¦¬à¦¹à¦¿à¦·à§à¦•à¦¾à¦°,"11,364","11,258",0:01:12,93,0.00%,67.13%,<$0.01
/bangla/à¦¸à¦‚à¦¬à¦¾à¦¦/à¦à¦¶à¦¿à§Ÿà¦¾/à¦­à¦¾à¦°à¦¤/à¦¸à¦¿à¦¦à§à¦§à¦¾à¦°à§à¦¥à§‡à¦°-à¦¶à§‡à¦·à¦•à§ƒà¦¤à§à¦¯à§‡-à¦à¦¸à§‡-à¦•à¦¾à¦¨à§à¦¨à¦¾à§Ÿ-à¦­à§‡à¦™à§‡-à¦ªà¦¡à¦¼à¦²à§‡à¦¨-à¦¶à§‡à¦¹à¦¨à¦¾à¦œ-257451,"11,352","10,936",0:00:52,"10,470",32.89%,39.04%,<$0.01
/lifestyle/5-natural-ways-straighten-hair-123256?amp=,"11,294","10,764",0:01:40,"10,745",71.50%,71.85%,$0.00 
/business/economy/banks/news/10-banks-face-show-cause-low-deposit-rates-2164881,"11,292","10,487",0:04:30,"9,679",60.43%,77.06%,<$0.01
/https://www.thedailystar.net/opinion/politics-climate-change/news/global-goal-adaptation-possible-2120701,"11,275","10,926",0:02:45,840,0.61%,55.35%,<$0.01
/supplements/24th-anniversary-the-daily-star-part-1/digital-bangladesh-dreams-and-reality-73118?amp=,"11,236","9,703",0:05:00,"9,303",78.34%,75.76%,<$0.01
/bangla/à¦¶à§€à¦°à§à¦·-à¦–à¦¬à¦°/à¦•à§‡-à¦à¦‡-à¦®à§à¦°à¦¾à¦¦-à¦Ÿà¦¾à¦•à¦²à¦¾-78325,"11,186","10,091",0:02:13,"10,017",75.77%,76.84%,<$0.01
/https://www.thedailystar.net/bangla/à¦¸à§à¦Ÿà¦¾à¦°-à¦®à¦¾à¦²à§à¦Ÿà¦¿à¦®à¦¿à¦¡à¦¿à§Ÿà¦¾/à¦•à§ƒà¦·à¦•-à¦†à¦°à§à¦¨à§€-à¦¸à¦°à¦•à¦¾à¦°à§‡à¦°-à¦‰à¦¦à§à¦­à¦¾à¦¬à¦¨-à¦†à¦®à¦¨à§‡à¦°-à¦¨à¦¤à§à¦¨-à§¬-à¦œà¦¾à¦¤-257956,"11,186","11,066",0:00:51,63,0.00%,68.47%,<$0.01
/bangla/à¦¸à¦‚à¦¬à¦¾à¦¦/à¦¬à¦¾à¦‚à¦²à¦¾à¦¦à§‡à¦¶/à¦¦à§à¦°à§à¦˜à¦Ÿà¦¨à¦¾-à¦…à¦—à§à¦¨à¦¿à¦•à¦¾à¦£à§à¦¡/à¦¸à§‡à¦ªà¦Ÿà¦¿à¦•-à¦Ÿà§à¦¯à¦¾à¦‚à¦•à§‡à¦°-à¦“à¦ªà¦°à§‡-à¦¬à¦¸à§‡-à¦†à¦¡à§à¦¡à¦¾-à¦¬à¦¿à¦¸à§à¦«à§‹à¦°à¦£à§‡-à¦¦à¦—à§à¦§-à§©-à¦¬à¦¨à§à¦§à§-à¦¹à¦¾à¦¸à¦ªà¦¾à¦¤à¦¾à¦²à§‡,"11,183","10,717",0:02:01,"10,207",56.55%,66.15%,<$0.01
/author/mahfuz-anam,"11,170","8,821",0:00:52,"1,592",38.19%,16.03%,$0.02 
/bytes/news/best-laptops-under-bdt-50000-2131031?amp=,"11,169","9,998",0:02:14,"9,934",69.18%,69.19%,$0.00 
/advertisement,"11,123","9,120",0:01:55,"3,640",67.47%,48.05%,$0.02 
/views/opinion/news/should-bangladesh-be-worried-about-vietnams-apparel-performance-2149416,"11,072","9,628",0:03:40,"8,531",75.84%,75.22%,$0.01 
/bangla/à¦–à§‡à¦²à¦¾/à¦•à§à¦°à¦¿à¦•à§‡à¦Ÿ/à¦à¦®à¦¨-à¦‰à¦‡à¦•à§‡à¦Ÿà§‡-à¦–à§‡à¦²à¦²à§‡-à¦•à§à¦¯à¦¾à¦°à¦¿à§Ÿà¦¾à¦°à¦‡-à¦¶à§‡à¦·-à¦¹à§Ÿà§‡-à¦¯à¦¾à¦¬à§‡-à¦¸à¦¾à¦•à¦¿à¦¬-260236,"11,044","10,707",0:04:08,"10,358",78.01%,81.54%,<$0.01
/bangla/à¦–à§‡à¦²à¦¾/à¦•à§à¦°à¦¿à¦•à§‡à¦Ÿ/à¦†à¦«à¦—à¦¾à¦¨à¦¿à¦¸à§à¦¤à¦¾à¦¨à§‡à¦°-à¦¬à¦¿à¦¶à§à¦¬à¦•à¦¾à¦ª-à¦¦à¦²-à¦˜à§‹à¦·à¦£à¦¾à¦°-à¦ªà¦°-à¦¨à§‡à¦¤à§ƒà¦¤à§à¦¬-à¦›à¦¾à§œà¦²à§‡à¦¨-à¦°à¦¶à¦¿à¦¦-259616#.YTpdWsvAS74.facebook,"11,024","10,699",0:04:37,"10,110",67.04%,75.31%,<$0.01
/bangla/à¦…à¦­à¦¿à¦®à¦¤/à¦®à¦¤à¦¾à¦®à¦¤/à¦‰à¦ªà¦¹à¦¾à¦°à§‡à¦°-à¦˜à¦°à§‡-à¦§à¦¸-à¦“-à¦¹à¦¾à¦¤à§à¦¡à¦¼à¦¿-à¦¶à¦¾à¦¬à¦²-260946,"11,013","10,315",0:04:34,"8,666",75.21%,74.96%,<$0.01
/news/bangladesh/transport/news/dhaka-ashulia-elevated-expressway-work-start-next-month-2171681?amp=,"11,012","9,788",0:02:47,"8,630",73.88%,71.27%,<$0.01
/https://www.thedailystar.net/bangla/à¦¸à¦‚à¦¬à¦¾à¦¦/à¦¬à¦¾à¦‚à¦²à¦¾à¦¦à§‡à¦¶/à¦¸à¦¾à§œà§‡-à§©-à¦—à§à¦£-à¦¬à§‡à¦¶à¦¿-à¦¬à§à¦¯à§Ÿà§‡à¦°-à¦ªà¦¾à§Ÿà¦°à¦¾-à¦¸à§‡à¦¤à§-à¦–à§à¦²à¦›à§‡-à¦†à¦—à¦¾à¦®à§€-à¦®à¦¾à¦¸à§‡-261706,"10,931","10,882",0:02:42,77,0.00%,83.90%,<$0.01
/bangla/à¦–à§‡à¦²à¦¾/à¦«à§à¦Ÿà¦¬à¦²/à¦•à§‹à¦ªà¦¾-à¦†à¦®à§‡à¦°à¦¿à¦•à¦¾-à§¨à§¦à§¨à§§/à¦ªà¦°à¦¿à¦¸à¦‚à¦–à§à¦¯à¦¾à¦¨à§‡-à¦¬à§à¦°à¦¾à¦œà¦¿à¦²-à¦†à¦°à§à¦œà§‡à¦¨à§à¦Ÿà¦¿à¦¨à¦¾-à¦²à§œà¦¾à¦‡-237726,"10,918","9,523",0:02:30,"9,454",58.32%,63.96%,<$0.01
/bangla/à¦¤à¦¾à¦°à§à¦£à§à¦¯/à¦¶à¦¿à¦•à§à¦·à¦¾/à¦ªà§à¦°à¦¥à¦®à§‡-à¦¬à¦¿à¦¶à§à¦¬à¦¬à¦¿à¦¦à§à¦¯à¦¾à¦²à§Ÿ-à¦–à§à¦²à¦¤à§‡-à¦ªà¦¾à¦°à§‡-à¦§à¦¾à¦ªà§‡-à¦§à¦¾à¦ªà§‡-à¦•à¦²à§‡à¦œ-à¦“-à¦¸à§à¦•à§à¦²-250856,"10,912","10,384",0:03:33,"9,752",78.65%,80.27%,<$0.01
/https://www.thedailystar.net/bangla/à¦¸à¦‚à¦¬à¦¾à¦¦/à¦¬à¦¾à¦‚à¦²à¦¾à¦¦à§‡à¦¶/à¦•à§ƒà¦·à¦¿/à¦¬à§ƒà¦·à§à¦Ÿà¦¿à¦°-à¦¦à§‡à¦–à¦¾-à¦¨à§‡à¦‡-à¦¸à§‡à¦šà§‡à¦°-à¦ªà¦¾à¦¨à¦¿à¦¤à§‡-à¦šà¦²à¦›à§‡-à¦†à¦®à¦¨-à¦šà¦¾à¦·-247396,"10,896","10,804",0:01:02,273,0.00%,72.70%,<$0.01
/supplements/celebrating-50-years-bangladesh/news/golden-jubilee-bangladesh-2066637?amp=,"10,885","8,897",0:03:19,"7,513",59.95%,58.59%,<$0.01
/privacypolicy,"10,881","9,298",0:02:24,"4,966",68.81%,60.76%,$0.03 
/bangla/à¦¤à¦¾à¦°à§à¦£à§à¦¯/à¦¶à¦¿à¦•à§à¦·à¦¾/à¦•à§à¦¯à¦¾à¦®à§à¦ªà¦¾à¦¸/à¦¡-à¦†à¦¸à¦¿à¦«-à¦¨à¦œà¦°à§à¦²à§‡à¦°-à¦•à¦•à§à¦·à§‡-à¦¤à¦¾à¦²à¦¾-à¦­à¦¿à¦¸à¦¿-à¦ªà§à¦°à¦•à§à¦Ÿà¦°-à¦¯à§‡à¦­à¦¾à¦¬à§‡-à¦¦à§‡à¦–à¦›à§‡à¦¨ -251951,"10,743","10,337",0:05:34,"9,554",60.49%,68.91%,<$0.01
/bangla/à¦–à§‡à¦²à¦¾/à¦«à§à¦Ÿà¦¬à¦²/à¦®à§‡à¦¸à¦¿à¦°-à¦…à¦­à¦¿à¦·à§‡à¦•-à¦°à¦¾à¦à¦¸à§‡à¦°-à¦‰à¦²à§à¦²à¦¾à¦¸-à¦“-à¦à¦°à§‡à¦°à¦¾à¦°-à¦®à¦œà¦¾-255871#.YSyHyeDFijs.facebook,"10,720","10,314",0:02:47,"10,134",51.43%,63.12%,<$0.01
/tags/coronavirus-bangladesh,"10,720","8,490",0:00:56,"7,747",46.89%,45.61%,$0.02 
/bangla/à¦¸à§à¦¬à¦¾à¦¸à§à¦¥à§à¦¯/à¦•à¦°à§‹à¦¨à¦¾à¦­à¦¾à¦‡à¦°à¦¾à¦¸/à¦Ÿà¦¿à¦•à¦¾-à¦¨à¦¿à¦¤à§‡-à¦¸à§à¦°à¦•à§à¦·à¦¾-à¦…à§à¦¯à¦¾à¦ªà§‡-à¦¨à¦¿à¦¬à¦¨à§à¦§à¦¨-à§¨-à¦•à§‹à¦Ÿà¦¿-à¦›à¦¾à§œà¦¾à¦²-247391,"10,714","9,720",0:01:06,"9,476",49.41%,54.83%,<$0.01
/bangla/à¦¤à¦¾à¦°à§à¦£à§à¦¯/à¦¶à¦¿à¦•à§à¦·à¦¾/à§§à§¨-à¦¸à§‡à¦ªà§à¦Ÿà§‡à¦®à§à¦¬à¦°-à¦–à§à¦²à¦¬à§‡-à¦®à¦¾à¦§à§à¦¯à¦®à¦¿à¦•-à¦¸à§à¦•à§à¦²-à¦•à¦²à§‡à¦œ-à¦¶à¦¿à¦•à§à¦·à¦¾à¦®à¦¨à§à¦¤à§à¦°à§€-257336,"10,569","9,707",0:01:20,"8,513",46.26%,48.77%,<$0.01
/business/economy/e-commerce/news/news-analysis-why-the-govt-indulging-evaly-so-much-2144926,"10,550","9,190",0:04:57,"6,816",52.44%,63.35%,$0.02 
/health/healthcare/news/dghs-suspends-all-services-praava-health-over-anomalies-2143076,"10,530","9,476",0:01:35,"7,626",46.40%,49.50%,$0.02 
/https://www.thedailystar.net/bangla/à¦¸à§à¦¬à¦¾à¦¸à§à¦¥à§à¦¯/à¦•à¦°à§‹à¦¨à¦¾à¦­à¦¾à¦‡à¦°à¦¾à¦¸/à¦¬à¦¾à¦‚à¦²à¦¾à¦¦à§‡à¦¶à§‡-à¦•à§‹à¦­à§à¦¯à¦¾à¦•à§à¦¸à¦¿à¦¨à§‡à¦°-à¦•à§à¦²à¦¿à¦¨à¦¿à¦•à§à¦¯à¦¾à¦²-à¦Ÿà§à¦°à¦¾à§Ÿà¦¾à¦²à§‡-à¦¬à¦¿à¦à¦®à¦†à¦°à¦¸à¦¿à¦°-à¦…à¦¨à§à¦®à§‹à¦¦à¦¨-246181,"10,529","10,264",0:01:00,55,0.00%,60.41%,<$0.01
/bangla/à¦¸à¦‚à¦¬à¦¾à¦¦/à¦¬à¦¾à¦‚à¦²à¦¾à¦¦à§‡à¦¶/à¦…à¦ªà¦°à¦¾à¦§-à¦“-à¦¬à¦¿à¦šà¦¾à¦°/à¦¬à¦¨à¦¾à¦¨à§€-à¦¥à¦¾à¦¨à¦¾à¦°-à¦ªà¦°à¦¿à¦¦à¦°à§à¦¶à¦•-à¦¸à§‹à¦¹à§‡à¦²-à¦°à¦¾à¦¨à¦¾-à¦­à¦¾à¦°à¦¤à§‡-à¦†à¦Ÿà¦•-257846,"10,500","9,602",0:02:24,"9,255",64.67%,70.51%,<$0.01
/bangla/à¦¸à§à¦¬à¦¾à¦¸à§à¦¥à§à¦¯/à¦•à¦°à§‹à¦¨à¦¾à¦­à¦¾à¦‡à¦°à¦¾à¦¸/à¦Ÿà¦¿à¦•à¦¾-à¦¨à¦¿à¦¬à¦¨à§à¦§à¦¨à§‡à¦°-à¦†à¦“à¦¤à¦¾à§Ÿ-à¦à¦²à§‹-à§§à§®-à¦¬à¦›à¦°-à¦¬à§Ÿà¦¸à§€-à¦¶à¦¿à¦•à§à¦·à¦¾à¦°à§à¦¥à§€à¦°à¦¾à¦“-252211,"10,462","9,093",0:01:02,"7,722",49.68%,49.63%,<$0.01
/bangla/à¦¬à¦¿à¦¨à§‹à¦¦à¦¨/à¦Ÿà¦¿à¦­à¦¿-à¦“-à¦¸à¦¿à¦¨à§‡à¦®à¦¾/à¦¸à§œà¦•-à¦¦à§à¦°à§à¦˜à¦Ÿà¦¨à¦¾à§Ÿ-à¦…à¦­à¦¿à¦¨à§Ÿ-à¦¶à¦¿à¦²à§à¦ªà§€-à¦¤à§à¦·à¦¿-à¦°à¦¾à¦œ-à¦“-à¦–à¦¾à¦‡à¦°à§à¦²-à¦¬à¦¾à¦¸à¦¾à¦°-à¦†à¦¹à¦¤-254671,"10,457","9,948",0:01:27,"9,220",47.72%,55.53%,<$0.01
/youth/education/campus/news/ssc-hsc-examinees-likely-attend-4-classes-each-day-2170731?amp=,"10,432","9,461",0:00:43,"8,086",61.48%,57.86%,<$0.01
/bangla/à¦¸à¦‚à¦¬à¦¾à¦¦/à¦¬à¦¾à¦‚à¦²à¦¾à¦¦à§‡à¦¶/à¦¸à¦¿à¦¨à§‹à¦«à¦¾à¦°à§à¦®à§‡à¦°-à¦Ÿà¦¿à¦•à¦¾-à¦—à§à¦°à¦¹à¦£à¦•à¦¾à¦°à§€à¦°à¦¾-à¦“à¦®à¦°à¦¾à¦¹-à¦ªà¦¾à¦²à¦¨à§‡-à¦¸à§Œà¦¦à¦¿-à¦¯à§‡à¦¤à§‡-à¦ªà¦¾à¦°à¦›à§‡à¦¨-à¦¨à¦¾-253251,"10,397","9,863",0:03:06,"8,843",72.13%,74.97%,<$0.01
/entertainment/tv-film/news/shakib-khan-speaks-the-pori-moni-issue-2152071,"10,393","9,107",0:02:37,"8,628",66.78%,71.21%,<$0.01
/https://www.thedailystar.net/bangla/à¦¬à¦¿à¦¨à§‹à¦¦à¦¨/à¦Ÿà¦¿à¦­à¦¿-à¦“-à¦¸à¦¿à¦¨à§‡à¦®à¦¾/à¦Ÿà¦¾à¦²à¦¿à¦‰à¦¡/à¦à¦®à¦¨-à¦®à¦¿à¦¥à§à¦¯à¦¾-à¦¸à¦‚à¦¬à¦¾à¦¦à§‡-à¦–à§à¦¬-à¦¬à¦¿à¦¬à§à¦°à¦¤-à¦¹à§Ÿà§‡à¦›à¦¿-259366,"10,375","10,284",0:00:54,46,0.00%,64.89%,<$0.01
/https://www.thedailystar.net/bangla/à¦¬à¦¿à¦¨à§‹à¦¦à¦¨/à¦Ÿà¦¿à¦­à¦¿-à¦“-à¦¸à¦¿à¦¨à§‡à¦®à¦¾/à¦¨à¦¾à¦Ÿà¦•/à¦‡à¦šà§à¦›à§‡-à¦†à¦›à§‡-à¦¨à¦¿à§Ÿà¦®à¦¿à¦¤-à¦¨à¦¾à¦Ÿà¦•-à¦²à§‡à¦–à¦¾à¦°-255641,"10,365","10,245",0:00:56,33,3.03%,62.04%,<$0.01
/shout/top-10-toxic-fanbases-188194?amp=,"10,333","9,869",0:01:39,"9,829",82.78%,82.67%,$0.00 
/bangla/à¦¸à¦‚à¦¬à¦¾à¦¦/à¦¬à¦¾à¦‚à¦²à¦¾à¦¦à§‡à¦¶/à¦°â€Œà§à¦¯à¦¾à¦®à¦¨-à¦®à§à¦¯à¦¾à¦—à¦¸à§‡à¦¸à§‡-à¦ªà§à¦°à¦¸à§à¦•à¦¾à¦°-à¦ªà§‡à¦²à§‡à¦¨-à¦¬à¦¾à¦‚à¦²à¦¾à¦¦à§‡à¦¶à§‡à¦°-à¦¬à¦¿à¦œà§à¦žà¦¾à¦¨à§€-à¦¡-à¦«à§‡à¦°à¦¦à§‡à§—à¦¸à§€-à¦•à¦¾à¦¦à¦°à§€-256206,"10,329","9,385",0:02:33,"8,832",63.34%,68.89%,<$0.01
/bangla/à¦…à¦°à§à¦¥à¦¨à§€à¦¤à¦¿,"10,308","7,733",0:01:02,563,54.27%,18.81%,$0.09 
/https://www.thedailystar.net/bangla/à¦¸à¦‚à¦¬à¦¾à¦¦/à¦¬à¦¾à¦‚à¦²à¦¾à¦¦à§‡à¦¶/à¦…à¦ªà¦°à¦¾à¦§-à¦“-à¦¬à¦¿à¦šà¦¾à¦°/à¦­à¦¾à¦¸à¦¾à¦¨à¦šà¦°-à¦¥à§‡à¦•à§‡-à¦ªà¦¾à¦²à¦¾à¦¨à§‹-à§§à§ª-à¦°à§‹à¦¹à¦¿à¦™à§à¦—à¦¾-à¦•à§‹à¦®à§à¦ªà¦¾à¦¨à§€à¦—à¦žà§à¦œà§‡-à¦†à¦Ÿà¦•-246721,"10,307","10,254",0:00:44,24,0.00%,55.21%,<$0.01
/bangla/à¦¸à¦‚à¦¬à¦¾à¦¦/à¦¬à¦¾à¦‚à¦²à¦¾à¦¦à§‡à¦¶/à¦­à¦¾à§œà¦¾à¦°-à¦Ÿà¦¾à¦•à¦¾-à¦¨à¦¾-à¦¥à¦¾à¦•à¦¾à§Ÿ-à¦®à¦¾à¦-à¦¨à¦¦à§€à¦¤à§‡-à§¨-à¦¶à¦¿à¦¶à§à¦•à§‡-à¦²à¦žà§à¦š-à¦¥à§‡à¦•à§‡-à¦«à§‡à¦²à§‡-à¦¦à§‡à¦“à§Ÿà¦¾à¦°-à¦…à¦­à¦¿à¦¯à§‹à¦—-260196,"10,275","9,770",0:03:09,"9,158",60.85%,68.22%,<$0.01
/magazine/2006/08/03/retro.htm,"10,124","7,539",0:07:10,"7,529",77.04%,73.96%,<$0.01
/nrb/departure-arrival/airlines-more/news/biman-pilot-captain-nawshad-who-suffered-heart-attack-mid-air-passes-away-2164421,"10,084","9,260",0:02:52,"7,609",51.14%,60.93%,<$0.01
/lifestyle/5-natural-ways-straighten-hair-123256,"10,077","9,512",0:02:43,"9,498",55.13%,69.14%,<$0.01
/bangla/à¦–à§‡à¦²à¦¾/à¦•à§à¦°à¦¿à¦•à§‡à¦Ÿ/à¦šà¦²à§‡à¦‡-à¦—à§‡à¦²à§‡à¦¨-à¦¨à¦¾à¦¦à¦¿à¦°-à¦¶à¦¾à¦¹-259656#.YTrS70BKX5A.facebook,"10,034","9,693",0:01:44,"9,634",60.98%,69.11%,<$0.01
/shout/news/how-be-supportive-friend-her-period-1792009,"10,015","9,381",0:02:29,"9,284",59.62%,68.70%,<$0.01
/tags/road-accident-bangladesh,"9,998","7,465",0:01:24,"6,560",51.14%,48.56%,<$0.01
/https://www.thedailystar.net/bangla/à¦ªà§à¦°à¦¯à§à¦•à§à¦¤à¦¿-à¦“-à¦¸à§à¦Ÿà¦¾à¦°à§à¦Ÿà¦†à¦ª/à¦¬à¦¿à¦œà§à¦žà¦¾à¦¨-à¦ªà§à¦°à¦¯à§à¦•à§à¦¤à¦¿-à¦—à§‡à¦œà§‡à¦Ÿà¦¸/à¦ªà§à¦°à¦¯à§à¦•à§à¦¤à¦¿-à¦¸à¦‚à¦¬à¦¾à¦¦/à¦†à¦¬à¦¾à¦°à¦“-à¦²à¦¡à¦¼à¦¾à¦‡à§Ÿà§‡à¦°-à¦œà¦¨à§à¦¯à§‡-à¦ªà§à¦°à¦¸à§à¦¤à§à¦¤,"9,988","9,919",0:01:43,50,0.00%,72.10%,<$0.01
/youth/education/news/schools-colleges-reopen-september-12-dipu-moni-2167596,"9,957","8,999",0:01:12,"6,972",37.11%,41.93%,$0.01 
/bangla/à¦¸à¦‚à¦¬à¦¾à¦¦/à¦¬à¦¾à¦‚à¦²à¦¾à¦¦à§‡à¦¶/à¦…à¦ªà¦°à¦¾à¦§-à¦“-à¦¬à¦¿à¦šà¦¾à¦°,"9,946","7,026",0:00:52,655,44.46%,15.60%,$0.05 
/https://www.thedailystar.net/bangla/à¦…à¦°à§à¦¥à¦¨à§€à¦¤à¦¿/à¦¬à§à¦¯à¦¾à¦‚à¦•/à¦¸à¦žà§à¦šà§Ÿà¦•à¦¾à¦°à§€-à¦•à§à¦·à§à¦¦à§à¦°-à¦‹à¦£à¦—à§à¦°à¦¹à§€à¦¤à¦¾à¦¦à§‡à¦°-à¦•à§à¦·à¦¤à¦¿à¦¤à§‡-à¦«à§‡à¦²à§‡-à¦¬à§à¦¯à¦¾à¦‚à¦•à§‡à¦°-à¦®à§à¦¨à¦¾à¦«à¦¾à¦°-à¦šà§‡à¦·à§à¦Ÿà¦¾-247071,"9,944","9,814",0:02:26,71,0.00%,62.94%,<$0.01
/Newspaper,"9,883","7,289",0:01:05,"4,854",11.15%,25.98%,$0.07 
/showbiz,"9,851","7,886",0:00:57,"2,025",61.89%,27.49%,$0.03 
/bangla/à¦¸à¦‚à¦¬à¦¾à¦¦/à¦à¦¶à¦¿à§Ÿà¦¾/à¦¦à¦•à§à¦·à¦¿à¦£-à¦à¦¶à¦¿à§Ÿà¦¾/à¦†à¦®à§‡à¦°à¦¿à¦•à¦¾-à¦ªà¦¾à¦²à¦¾à¦²à§‡à¦“-à¦¥à¦¾à¦•à¦›à§‡-à¦°à¦¾à¦¶à¦¿à§Ÿà¦¾-250691,"9,795","9,391",0:02:43,"8,105",43.10%,50.99%,<$0.01
/https://www.thedailystar.net/bangla/à¦¬à¦¿à¦¨à§‹à¦¦à¦¨/à¦Ÿà¦¿à¦­à¦¿-à¦“-à¦¸à¦¿à¦¨à§‡à¦®à¦¾/à¦¢à¦¾à¦²à¦¿à¦‰à¦¡/à¦œà§€à¦¬à¦¨-à¦¹à¦²à§‹-à¦†à¦¨à¦¨à§à¦¦-à¦¬à§‡à¦¦à¦¨à¦¾à¦°-à¦®à¦¾à¦à§‡-à¦¬à§‡à¦à¦šà§‡-à¦¥à¦¾à¦•à¦¾-254551,"9,780","9,694",0:01:13,34,0.00%,67.08%,<$0.01
/city/news/heavy-rain-dhaka-today-1738513,"9,778","8,708",0:01:11,"8,260",63.98%,71.06%,$0.03 
/bangla/à¦¸à¦‚à¦¬à¦¾à¦¦/à¦¬à¦¾à¦‚à¦²à¦¾à¦¦à§‡à¦¶/à¦¢à¦¾à¦•à¦¾-à¦†à¦¶à§à¦²à¦¿à§Ÿà¦¾-à¦à¦²à¦¿à¦­à§‡à¦Ÿà§‡à¦¡-à¦à¦•à§à¦¸à¦ªà§à¦°à§‡à¦¸à¦“à§Ÿà§‡à¦°-à¦•à¦¾à¦œ-à¦¶à§à¦°à§-à¦…à¦•à§à¦Ÿà§‹à¦¬à¦°à§‡-259551,"9,773","9,234",0:04:33,"8,705",72.94%,77.71%,<$0.01
/bangla/à¦¸à¦‚à¦¬à¦¾à¦¦/à¦¬à¦¾à¦‚à¦²à¦¾à¦¦à§‡à¦¶/à¦œà¦¿à§Ÿà¦¾à¦‰à¦°-à¦°à¦¹à¦®à¦¾à¦¨-à¦¸à§‡à¦•à§à¦Ÿà¦°à§‡à¦°-à¦…à¦§à¦¿à¦¨à¦¾à§Ÿà¦•-à¦¸à§‡à¦•à§à¦Ÿà¦°-à¦•à¦®à¦¾à¦¨à§à¦¡à¦¾à¦°-à¦¨à§Ÿ-à¦ªà§à¦°à¦§à¦¾à¦¨à¦®à¦¨à§à¦¤à§à¦°à§€-261831,"9,755","9,222",0:05:41,"8,379",61.76%,65.75%,<$0.01
/business/telecom/news/btrc-launches-do-not-disturb-service-stop-promotional-texts-mobile-phone-2083005?amp=,"9,740","9,097",0:01:46,"9,067",74.55%,74.85%,<$0.01
/https://www.thedailystar.net/bangla/à¦¸à¦‚à¦¬à¦¾à¦¦/à¦¬à¦¿à¦¶à§à¦¬/à¦®à¦§à§à¦¯à¦ªà§à¦°à¦¾à¦šà§à¦¯/à¦¤à¦¾à¦²à§‡à¦¬à¦¾à¦¨à¦•à§‡-à¦¹à¦¾à¦®à¦¾à¦¸à§‡à¦°-à¦…à¦­à¦¿à¦¨à¦¨à§à¦¦à¦¨-251136,"9,721","9,643",0:01:46,191,0.00%,70.01%,<$0.01
/business/telecom/news/govt-plans-5g-dhaka-year-2149621,"9,705","8,679",0:03:26,"6,880",62.00%,64.48%,$0.02 
/bangla/à¦¸à¦‚à¦¬à¦¾à¦¦/à¦¬à¦¾à¦‚à¦²à¦¾à¦¦à§‡à¦¶/à¦…à¦ªà¦°à¦¾à¦§-à¦“-à¦¬à¦¿à¦šà¦¾à¦°/à¦¬à¦°à¦¿à¦¶à¦¾à¦²à§‡à¦°-à¦®à§‡à§Ÿà¦°à¦¸à¦¹-à¦†à¦¸à¦¾à¦®à¦¿-à§¬à§¦à§¦-à¦®à§ƒà¦¤-à¦›à¦¾à¦¤à§à¦°à¦²à§€à¦—-à¦•à¦°à§à¦®à§€à¦•à§‡-à¦—à§à¦°à§‡à¦ªà§à¦¤à¦¾à¦°à§‡à¦“-à¦…à¦­à¦¿à¦¯à¦¾à¦¨,"9,683","9,267",0:02:33,"8,729",51.33%,61.50%,<$0.01
/https://www.thedailystar.net/bangla/à¦¸à¦‚à¦¬à¦¾à¦¦/à¦¬à¦¾à¦‚à¦²à¦¾à¦¦à§‡à¦¶/à¦…à¦ªà¦°à¦¾à¦§-à¦“-à¦¬à¦¿à¦šà¦¾à¦°/à¦¬à¦¾à¦¸à¦¾à¦¬à§‹à§Ÿ-à¦šà§‹à¦°-à¦¸à¦¨à§à¦¦à§‡à¦¹à§‡-à¦¯à§à¦¬à¦•à¦•à§‡-à¦ªà¦¿à¦Ÿà¦¿à§Ÿà§‡-à¦¹à¦¤à§à¦¯à¦¾à¦°-à¦…à¦­à¦¿à¦¯à§‹à¦—-à¦†à¦Ÿà¦•-à§¨-259666,"9,681","9,512",0:01:13,32,0.00%,70.65%,<$0.01
/bangla/à¦¸à¦‚à¦¬à¦¾à¦¦/à¦¬à¦¾à¦‚à¦²à¦¾à¦¦à§‡à¦¶/à¦…à¦ªà¦°à¦¾à¦§-à¦“-à¦¬à¦¿à¦šà¦¾à¦°/à¦ªà§à¦²à¦¿à¦¶à§‡à¦°-à¦¬à¦¿à¦°à§à¦¦à§à¦§à§‡-à¦…à¦­à¦¿à¦¯à§‹à¦—-à¦•à¦°à¦¾-à¦¸à§‡à¦‡-à¦¨à¦¾à¦°à§€à¦•à§‡-à¦—à§à¦°à§‡à¦ªà§à¦¤à¦¾à¦°-à¦•à¦°à§‡à¦›à§‡-à¦°â€Œà§à¦¯à¦¾à¦¬-257541,"9,637","9,282",0:04:29,"8,929",74.00%,79.76%,<$0.01
/nrb/departure-arrival/travel-advisory/news/oman-lifts-travel-ban-bangladesh-17-other-countries-2159096,"9,615","8,720",0:01:55,"7,913",40.11%,53.52%,<$0.01
/https://www.thedailystar.net/bangla/à¦ªà§à¦°à¦¬à¦¾à¦¸à§‡/à¦¯à¦¾à¦“à§Ÿà¦¾-à¦†à¦¸à¦¾/à¦à§Ÿà¦¾à¦°à¦²à¦¾à¦‡à¦¨à¦¸-à¦“-à¦…à¦¨à§à¦¯à¦¾à¦¨à§à¦¯/à¦…à¦­à§à¦¯à¦¨à§à¦¤à¦°à§€à¦£-à¦°à§à¦Ÿà§‡-à¦«à§à¦²à¦¾à¦‡à¦Ÿ-à¦¶à§à¦°à§-à¦†à¦—à¦¾à¦®à§€à¦•à¦¾à¦²-246926,"9,609","9,563",0:01:20,43,0.00%,62.23%,<$0.01
/bangla/à¦¬à¦¿à¦¨à§‹à¦¦à¦¨/à¦Ÿà¦¿à¦­à¦¿-à¦“-à¦¸à¦¿à¦¨à§‡à¦®à¦¾/à¦¬à¦²à¦¿à¦‰à¦¡/à¦¬à¦¿à¦®à¦¾à¦¨à¦¬à¦¨à§à¦¦à¦°à§‡-à¦¸à¦¾à¦²à¦®à¦¾à¦¨-à¦–à¦¾à¦¨à§‡à¦°-à¦ªà¦¥-à¦†à¦Ÿà¦•à¦¾à¦²à§‹-à¦ªà§à¦²à¦¿à¦¶-252356,"9,604","9,257",0:01:13,"8,746",35.46%,43.46%,<$0.01
/city/news/air-conditioner-explosion-why-it-happens-and-how-be-safe-it-1957033?amp=,"9,580","9,063",0:03:07,"9,040",74.99%,75.17%,<$0.01
/country/news/raudha-gave-her-despair-pbi-final-report-1750687,"9,567","9,189",0:03:25,"8,870",42.92%,52.63%,<$0.01
/https://www.thedailystar.net/bangla/à¦–à§‡à¦²à¦¾/à¦•à§à¦°à¦¿à¦•à§‡à¦Ÿ/à¦…à¦¸à§à¦Ÿà§à¦°à§‡à¦²à¦¿à§Ÿà¦¾à¦•à§‡-à¦Ÿà¦¾à¦¨à¦¾-à¦¤à¦¿à¦¨-à¦®à§à¦¯à¦¾à¦š-à¦¹à¦¾à¦°à¦¿à§Ÿà§‡-à¦¬à¦¾à¦‚à¦²à¦¾à¦¦à§‡à¦¶à§‡à¦°-à¦¸à¦¿à¦°à¦¿à¦œ-à¦œà§Ÿ-247461,"9,551","9,491",0:02:58,128,0.00%,75.07%,<$0.01
/bangla/à¦–à§‡à¦²à¦¾/à¦«à§à¦Ÿà¦¬à¦²/à¦®à§‡à¦¸à¦¿à¦°-à¦¸à¦™à§à¦—à§‡-à¦¸à¦®à§à¦ªà¦°à§à¦•à§‡à¦°-à¦…à¦¬à¦¨à¦¤à¦¿-à¦¹à§Ÿà§‡à¦›à§‡-à¦¬à¦²à¦²à§‡à¦¨-à¦¬à¦¾à¦°à§à¦¸à§‡à¦²à§‹à¦¨à¦¾-à¦ªà§à¦°à§‡à¦¸à¦¿à¦¡à§‡à¦¨à§à¦Ÿà§‡à¦°-251181#.YRugWSq97r8.facebook,"9,437","9,143",0:02:36,"8,908",46.35%,58.52%,<$0.01
/https://www.thedailystar.net/bangla/à¦¬à¦¿à¦¨à§‹à¦¦à¦¨/à¦Ÿà¦¿à¦­à¦¿-à¦“-à¦¸à¦¿à¦¨à§‡à¦®à¦¾/à¦¬à¦¾à¦¸à¦¾à§Ÿ-à¦•à§Ÿà§‡à¦•à¦¦à¦¿à¦¨-à¦¬à¦¿à¦¶à§à¦°à¦¾à¦®à§‡-à¦¥à¦¾à¦•à¦¬à§‡à¦¨-à¦ªà¦°à§€à¦®à¦¨à¦¿-256611,"9,415","9,353",0:00:22,26,0.00%,28.34%,<$0.01
/https://www.thedailystar.net/bangla/à¦¬à¦¿à¦¨à§‹à¦¦à¦¨/à¦Ÿà¦¿à¦­à¦¿-à¦“-à¦¸à¦¿à¦¨à§‡à¦®à¦¾/à¦¢à¦¾à¦²à¦¿à¦‰à¦¡/à¦¯à§‡à¦‡-à¦«à¦¿à¦°à§‡à¦›à¦¿-à¦…à¦¨à§‡à¦•à§‡-à¦†à¦¬à¦¾à¦°-à¦®à¦¿à¦¸-à¦‡à¦‰-à¦²à¦¾à¦­-à¦‡à¦‰-à¦¬à¦²à¦¾-à¦¶à§à¦°à§-à¦•à¦°à¦›à§‡-256796,"9,408","9,311",0:00:49,48,0.00%,30.98%,<$0.01
/daily-star-books,"9,387","6,256",0:01:05,"2,178",28.18%,19.79%,$0.02 
/bangla/à¦–à§‡à¦²à¦¾/à¦«à§à¦Ÿà¦¬à¦²/à¦®à§‡à¦¸à¦¿à¦°-à¦…à¦­à¦¿à¦·à§‡à¦•à§‡-à¦à¦®à¦¬à¦¾à¦ªà§‡à¦°-à¦œà§‹à§œà¦¾-à¦—à§‹à¦²-255761#.YSvzv9mNywo.facebook,"9,342","9,047",0:01:18,"8,943",43.80%,52.33%,<$0.01
/https://www.thedailystar.net/bangla/à¦ªà§à¦°à¦¬à¦¾à¦¸à§‡/à¦¯à¦¾à¦“à§Ÿà¦¾-à¦†à¦¸à¦¾/à§§-à¦¸à§‡à¦ªà§à¦Ÿà§‡à¦®à§à¦¬à¦°-à¦¥à§‡à¦•à§‡-à¦‡à¦‰à¦à¦¸-à¦¬à¦¾à¦‚à¦²à¦¾à¦°-à¦¢à¦¾à¦•à¦¾-à¦®à¦¾à¦¸à§à¦•à¦¾à¦Ÿ-à¦¢à¦¾à¦•à¦¾-à¦«à§à¦²à¦¾à¦‡à¦Ÿ-à¦šà¦¾à¦²à§-253676,"9,299","8,996",0:01:08,32,0.00%,53.82%,<$0.01
/health/health-alert/fruits-be-avoided-during-pregnancy-3254?amp=,"9,293","8,945",0:01:31,"8,930",68.92%,69.32%,$0.00 
/life-living/travel/news/caab-writes-india-proposing-resumption-flights-different-conditions-2144796,"9,286","7,992",0:02:40,"7,661",59.54%,71.16%,<$0.01
/bangla/à¦–à§‡à¦²à¦¾/à¦«à§à¦Ÿà¦¬à¦²/à¦­à§‡à¦¨à§‡à¦œà§à§Ÿà§‡à¦²à¦¾à§Ÿ-à¦†à¦°à§à¦œà§‡à¦¨à§à¦Ÿà¦¿à¦¨à¦¾-à¦¦à¦²-à¦®à§‡à¦¸à¦¿à¦¦à§‡à¦°-à¦œà¦¨à§à¦¯-à¦…à¦ªà§‡à¦•à§à¦·à¦¾-256216#.YS3T-GB5PZo.facebook,"9,274","8,822",0:02:10,"8,773",56.82%,64.06%,<$0.01
/lifestyle/tips/oily-scalp-and-hair-loss-1566781?amp=,"9,262","8,941",0:02:22,"8,933",82.02%,81.96%,$0.00 
/shout/signs-you-are-mint-addict-1413907,"9,237","8,925",0:02:33,"8,892",64.46%,77.06%,<$0.01
/nrb/departure-arrival/airlines-more/news/biman-pilot-captain-nawshad-who-suffered-heart-attack-mid-air-passes-away-2164421?amp=,"9,182","8,636",0:01:45,"8,503",71.48%,70.94%,<$0.01
/https://www.thedailystar.net/bangla/à¦ªà§à¦°à¦¬à¦¾à¦¸à§‡/à¦¯à¦¾à¦“à§Ÿà¦¾-à¦†à¦¸à¦¾/à¦à§Ÿà¦¾à¦°à¦²à¦¾à¦‡à¦¨à¦¸-à¦“-à¦…à¦¨à§à¦¯à¦¾à¦¨à§à¦¯/à¦­à¦¾à¦°à¦¤à§‡-à¦†à¦Ÿà¦•à§‡-à¦ªà§œà¦¾-à¦¯à¦¾à¦¤à§à¦°à§€à¦¦à§‡à¦°-à¦°à¦¾à¦¤à§‡à¦‡-à¦«à¦¿à¦°à¦¿à§Ÿà§‡-à¦†à¦¨à¦¾-à¦¹à¦¤à§‡-à¦ªà¦¾à¦°à§‡-à¦¬à¦¿à¦®à¦¾à¦¨,"9,129","9,080",0:00:30,11,0.00%,42.51%,<$0.01
/https://www.thedailystar.net/bangla/à¦¸à¦‚à¦¬à¦¾à¦¦/à¦¬à¦¾à¦‚à¦²à¦¾à¦¦à§‡à¦¶/à¦…à¦ªà¦°à¦¾à¦§-à¦“-à¦¬à¦¿à¦šà¦¾à¦°/à¦•à¦°à§‹à¦¨à¦¾-à¦¹à§‡à¦²à§à¦ª-à¦¸à§‡à¦¨à§à¦Ÿà¦¾à¦°-à¦‰à¦¦à§à¦¬à§‹à¦§à¦¨à§€-à¦…à¦¨à§à¦·à§à¦ à¦¾à¦¨à§‡-à¦›à¦¾à¦¤à§à¦°à¦²à§€à¦—à§‡à¦°-à¦¹à¦¾à¦®à¦²à¦¾à¦°-à¦…à¦­à¦¿à¦¯à§‹à¦— -251601,"9,075","9,013",0:00:59,59,0.00%,68.43%,<$0.01
/business/news/shops-malls-open-april-25-2082541?amp=,"9,049","9,048",0:00:06,"9,041",97.69%,97.67%,$0.00 
/toggle/news/govt-going-ban-pubg-and-free-fire-bangladesh-2101145,"9,044","8,241",0:01:07,"8,009",48.16%,57.36%,<$0.01
/bangla/à¦¸à¦‚à¦¬à¦¾à¦¦/à¦¬à¦¾à¦‚à¦²à¦¾à¦¦à§‡à¦¶/à¦…à¦ªà¦°à¦¾à¦§-à¦“-à¦¬à¦¿à¦šà¦¾à¦°/à§¨à§¬-à¦¦à¦¿à¦¨-à¦ªà¦°-à¦ªà¦°à§€à¦®à¦¨à¦¿à¦°-à¦œà¦¾à¦®à¦¿à¦¨-256246,"9,038","8,627",0:01:09,"8,019",48.99%,53.61%,<$0.01
/https://www.thedailystar.net/bangla/à¦¤à¦¾à¦°à§à¦£à§à¦¯/à¦¶à¦¿à¦•à§à¦·à¦¾/à¦¨à¦­à§‡à¦®à§à¦¬à¦°-à¦¡à¦¿à¦¸à§‡à¦®à§à¦¬à¦°à§‡-à¦ªà§à¦°à¦¾à¦¥à¦®à¦¿à¦•à§‡à¦°-à¦¸à¦®à¦¾à¦ªà¦¨à§€-à¦ªà¦°à§€à¦•à§à¦·à¦¾-à¦¹à¦¤à§‡-à¦ªà¦¾à¦°à§‡-258366,"9,036","8,868",0:00:28,24,0.00%,38.47%,<$0.01
/bangla/à¦–à§‡à¦²à¦¾/à¦«à§à¦Ÿà¦¬à¦²/à¦®à§‡à¦¸à¦¿à¦°-à§§à§¦-à¦¨à¦®à§à¦¬à¦°-à¦œà¦¾à¦°à§à¦¸à¦¿-à¦«à¦¾à¦¤à¦¿à¦°-à¦—à¦¾à§Ÿà§‡-256721#.YS9g1Y5JT_4.facebook,"9,025","8,686",0:02:35,"8,504",47.20%,59.49%,<$0.01
/bangla/à¦¸à§à¦¬à¦¾à¦¸à§à¦¥à§à¦¯/à¦•à¦°à§‹à¦¨à¦¾à¦­à¦¾à¦‡à¦°à¦¾à¦¸/à§¨à§¦à§¨à§¦-à¦à¦°-à¦®à¦¾à¦°à§à¦šà§‡-à¦¸à¦¾à¦§à¦¾à¦°à¦£-à¦›à§à¦Ÿà¦¿-à¦•à¦°à§‹à¦¨à¦¾-à¦¬à¦¿à¦¸à§à¦¤à¦¾à¦°à§‡à¦°-à¦ªà§à¦°à¦¾à¦¥à¦®à¦¿à¦•-à¦•à¦¾à¦°à¦£-à¦—à¦¬à§‡à¦·à¦£à¦¾-261121,"8,996","8,634",0:03:11,"8,322",78.77%,80.97%,<$0.01
/health/health-tips/10-warning-signs-ulcers-1238068,"8,978","8,655",0:02:08,"8,639",50.52%,66.30%,<$0.01
/law-our-rights/news/what-does-the-quran-say-regarding-polygamy-2076941,"8,971","8,364",0:05:23,"8,328",80.41%,86.13%,<$0.01
/news/bangladesh/crime-justice/news/japanese-woman-comes-bangladesh-starts-legal-battle-custody-daughters-2155956,"8,951","8,058",0:03:43,"6,069",36.91%,54.21%,$0.01 
/https://www.thedailystar.net/bangla/à¦¸à¦‚à¦¬à¦¾à¦¦/à¦¬à¦¾à¦‚à¦²à¦¾à¦¦à§‡à¦¶/à¦…à¦ªà¦°à¦¾à¦§-à¦“-à¦¬à¦¿à¦šà¦¾à¦°/à¦†à¦¤à§à¦®à¦¹à¦¤à§à¦¯à¦¾-à¦ªà§à¦°à¦°à§‡à¦¾à¦šà¦¨à¦¾-à¦®à¦¾à¦®à¦²à¦¾-à¦¬à¦¸à§à¦¨à§à¦§à¦°à¦¾à¦°-à¦à¦®à¦¡à¦¿à¦•à§‡-à¦…à¦¬à§à¦¯à¦¾à¦¹à¦¤à¦¿-251621,"8,949","8,875",0:01:02,58,0.00%,66.97%,<$0.01
/business/news/bangladesh-export-2080-tonnes-hilsha-india-2180201,"8,939","8,001",0:01:53,"6,993",66.35%,64.97%,<$0.01
/https://www.thedailystar.net/bangla/à¦¬à¦¿à¦¨à§‹à¦¦à¦¨/à¦Ÿà¦¿à¦­à¦¿-à¦“-à¦¸à¦¿à¦¨à§‡à¦®à¦¾/à¦•à¦¾à¦°à¦¾à¦«à¦Ÿà¦•à§‡-à¦­à¦•à§à¦¤à¦¦à§‡à¦°-à¦­à¦¾à¦²à§‹à¦¬à¦¾à¦¸à¦¾à§Ÿ-à¦¸à¦¿à¦•à§à¦¤-à¦ªà¦°à§€à¦®à¦¨à¦¿-256546,"8,929","8,844",0:00:36,19,0.00%,34.29%,<$0.01
/https://www.thedailystar.net/bangla/à¦¬à¦¿à¦¨à§‹à¦¦à¦¨/à¦Ÿà¦¿à¦­à¦¿-à¦“-à¦¸à¦¿à¦¨à§‡à¦®à¦¾/à¦¢à¦¾à¦²à¦¿à¦‰à¦¡/à¦•à¦°à§‹à¦¨à¦¾à¦•à¦¾à¦²à§‡-à¦¸à¦¬à¦šà§‡à§Ÿà§‡-à¦¬à§‡à¦¶à¦¿-à¦¸à¦¿à¦¨à§‡à¦®à¦¾-à¦®à§à¦•à§à¦¤à¦¿-à¦ªà¦¾à¦¬à§‡-à¦†à¦—à¦¾à¦®à§€-à¦®à¦¾à¦¸à§‡-262416,"8,890","8,835",0:01:15,46,2.44%,73.84%,<$0.01
/bangla/à¦¸à¦‚à¦¬à¦¾à¦¦/à¦à¦¶à¦¿à§Ÿà¦¾/à¦­à¦¾à¦°à¦¤/à¦®à§à¦®à§à¦¬à¦¾à¦‡à§Ÿà§‡-à¦•à¦°à§‹à¦¨à¦¾à¦°-à¦¡à§‡à¦²à§à¦Ÿà¦¾-à¦ªà§à¦²à¦¾à¦¸-à¦­à§à¦¯à¦¾à¦°à¦¿à§Ÿà§‡à¦¨à§à¦Ÿà§‡-à¦ªà§à¦°à¦¥à¦®-à¦®à§ƒà¦¤à§à¦¯à§-249706,"8,871","8,413",0:02:15,"8,113",58.83%,67.56%,<$0.01
/bytes/news/laptop-price-in-bangladesh-2019-under-25000-1696897?amp=,"8,863","7,709",0:02:02,"7,661",69.64%,69.27%,$0.00 
/tech-startup/news/surokkha-under-attack-27-other-infrastructure-under-risk-palak-2151571?amp=,"8,836","8,226",0:01:19,"6,647",68.91%,66.79%,<$0.01
/news/bangladesh/news/bangladesh-sends-mangoes-asian-friends-2123471?amp=,"8,800","8,537",0:01:21,174,75.29%,66.22%,<$0.01
/supplements/24th-anniversary-the-daily-star-part-1/digital-bangladesh-dreams-and-reality-73118,"8,775","7,698",0:05:47,"7,020",72.32%,71.43%,<$0.01
/bangla/à¦¸à¦‚à¦¬à¦¾à¦¦/à¦à¦¶à¦¿à§Ÿà¦¾/à¦¦à¦•à§à¦·à¦¿à¦£-à¦à¦¶à¦¿à§Ÿà¦¾/à¦†à¦«à¦—à¦¾à¦¨à¦¿à¦¸à§à¦¤à¦¾à¦¨à§‡-à¦¤à¦¾à¦²à§‡à¦¬à¦¾à¦¨à¦¦à§‡à¦°-à¦ªà§à¦°à¦§à¦¾à¦¨-à¦¨à§‡à¦¤à¦¾-à¦•à¦¾à¦°à¦¾-250486,"8,768","8,037",0:04:40,"6,928",45.47%,54.46%,<$0.01
/bangla/à¦–à§‡à¦²à¦¾/à¦«à§à¦Ÿà¦¬à¦²/à¦¦à§à¦°à§à¦¦à¦¾à¦¨à§à¦¤-à¦¨à§ˆà¦ªà§à¦£à§à¦¯à§‡-à¦ªà¦¿à¦à¦¸à¦œà¦¿à¦•à§‡-à¦°à§à¦–à§‡-à¦¦à¦¿à¦²-à¦¬à§à¦°à§à¦—à§‡-261571#.YUJgrvf2vkM.facebook,"8,754","8,512",0:05:23,"8,368",79.86%,83.82%,$0.00 
/youth/careers,"8,742","7,062",0:00:59,591,45.67%,16.47%,$0.02 
/bangla/à¦¸à¦‚à¦¬à¦¾à¦¦/à¦¬à¦¾à¦‚à¦²à¦¾à¦¦à§‡à¦¶/à¦¦à§‡à¦¶à§‡-à¦¸à¦¿à¦¨à§‡à¦¾à¦«à¦¾à¦°à§à¦®à§‡à¦°-à¦Ÿà¦¿à¦•à¦¾-à¦‰à§Žà¦ªà¦¾à¦¦à¦¨-à¦•à¦°à¦¬à§‡-à¦‡à¦¨à¦¸à§‡à¦ªà§à¦Ÿà¦¾-250046,"8,731","8,248",0:02:00,"7,243",50.51%,57.34%,<$0.01
/bangla/anandadhara/à¦«à¦¿à¦šà¦¾à¦°/à¦ªà§à¦°à§‡à¦®-à¦°à¦¾à¦¶à¦¿-77020,"8,709","7,961",0:04:27,"7,922",83.27%,86.98%,$0.00 
/https://www.thedailystar.net/city/news/lockdown-outside-dhaka-streets-empty-alleys-packed-2122021,"8,706","8,531",0:01:30,83,0.00%,56.13%,<$0.01
/bangla/à¦¸à¦‚à¦¬à¦¾à¦¦/à¦¬à¦¾à¦‚à¦²à¦¾à¦¦à§‡à¦¶/à¦…à¦ªà¦°à¦¾à¦§-à¦“-à¦¬à¦¿à¦šà¦¾à¦°/à¦•à¦¾à¦°à¦¾à¦—à¦¾à¦°à§‡-à§§à§ª-à¦¦à¦¿à¦¨à§‡à¦°-à¦•à§‹à§Ÿà¦¾à¦°à§‡à¦¨à§à¦Ÿà¦¿à¦¨à§‡-à¦ªà¦°à§€à¦®à¦¨à¦¿-à¦“-à¦®à¦°à¦¿à§Ÿà¦®-à¦®à§Œ-249951,"8,679","8,315",0:02:02,"7,968",50.05%,58.96%,<$0.01
/https://www.thedailystar.net/bangla/à¦¸à¦‚à¦¬à¦¾à¦¦/à¦¬à¦¾à¦‚à¦²à¦¾à¦¦à§‡à¦¶/à¦®à§‡à§Ÿà¦¾à¦¦à§‹à¦¤à§à¦¤à§€à¦°à§à¦£-à¦‡à¦žà§à¦œà¦¿à¦¨-à¦¦à¦¿à§Ÿà§‡-à¦šà¦²à¦›à§‡-à¦°à§‡à¦²à¦“à§Ÿà§‡-254171,"8,662","8,618",0:02:23,346,0.00%,84.17%,<$0.01
/opinion/politics-climate-change/news/global-goal-adaptation-possible-2120701?amp=,"8,654","8,354",0:02:21,270,73.70%,63.98%,<$0.01
/shout/humour/types-memes-1534762?amp=,"8,608","8,005",0:02:42,"7,994",85.01%,84.12%,$0.00 
/bangla/à¦¸à¦‚à¦¬à¦¾à¦¦/à¦¬à¦¾à¦‚à¦²à¦¾à¦¦à§‡à¦¶/à¦…à¦ªà¦°à¦¾à¦§-à¦“-à¦¬à¦¿à¦šà¦¾à¦°/à¦®à¦¡à§‡à¦²-à¦ªà¦¿à¦¯à¦¼à¦¾à¦¸à¦¾à¦•à§‡-à¦¬à¦¾à¦°à¦¿à¦§à¦¾à¦°à¦¾à¦°-à¦¬à¦¾à¦¸à¦­à¦¬à¦¨-à¦¥à§‡à¦•à§‡-à¦†à¦Ÿà¦•-245696,"8,573","8,132",0:01:58,"7,187",48.23%,53.49%,<$0.01
/country/news/covid-19-fallout-jhenidah-mango-growers-feel-the-pinch-2121826?amp=,"8,567","8,353",0:00:38,57,82.46%,47.29%,$0.00 
/youth/education/news/assignments-2022-ssc-hsc-candidates-suspended-till-further-notice-dshe-2136651?amp=,"8,566","7,846",0:00:32,"7,688",57.35%,57.61%,$0.00 
/https://www.thedailystar.net/bangla/à¦¬à¦¿à¦¨à§‹à¦¦à¦¨/à¦Ÿà¦¿à¦­à¦¿-à¦“-à¦¸à¦¿à¦¨à§‡à¦®à¦¾/à¦¢à¦¾à¦²à¦¿à¦‰à¦¡/à¦†à¦®à¦¾à¦•à§‡-à¦¬à¦¾à§œà¦¿-à¦›à¦¾à§œà¦¾à¦°-à¦¨à§‹à¦Ÿà¦¿à¦¶-à¦¦à§‡à¦“à§Ÿà¦¾-à¦¹à§Ÿà¦¨à¦¿-à¦ªà¦°à§€à¦®à¦¨à¦¿-257076,"8,565","8,468",0:00:46,50,0.00%,41.52%,<$0.01
/bangla/à¦¸à¦‚à¦¬à¦¾à¦¦/à¦à¦¶à¦¿à§Ÿà¦¾/à¦¦à¦•à§à¦·à¦¿à¦£-à¦à¦¶à¦¿à§Ÿà¦¾/à¦†à¦«à¦—à¦¾à¦¨à¦¿à¦¸à§à¦¤à¦¾à¦¨-à¦›à§‡à¦¡à¦¼à§‡à¦›à§‡à¦¨-à¦ªà§à¦°à§‡à¦¸à¦¿à¦¡à§‡à¦¨à§à¦Ÿ-à¦†à¦¶à¦°à¦¾à¦«-à¦—à¦¨à¦¿-250526,"8,555","8,173",0:01:51,"7,283",45.56%,52.22%,<$0.01
/bangla/à¦¬à¦¿à¦¨à§‹à¦¦à¦¨/à¦Ÿà¦¿à¦­à¦¿-à¦“-à¦¸à¦¿à¦¨à§‡à¦®à¦¾/à¦¬à¦²à¦¿à¦‰à¦¡/à¦°à¦¾à¦œ-à¦•à§à¦¨à§à¦¦à§à¦°à¦¾à¦°-à¦¬à¦¿à¦·à§Ÿà§‡-à¦®à§à¦–-à¦–à§à¦²à¦²à§‡à¦¨-à¦¶à¦¿à¦²à§à¦ªà¦¾-à¦¶à§‡à¦ à¦¿-245846,"8,541","8,296",0:01:22,"7,693",43.04%,50.65%,<$0.01
/toggle,"8,512","5,658",0:01:13,"1,917",33.92%,20.86%,$0.03 
/tech-startup/science-gadgets-and-tech,"8,502","6,961",0:01:10,504,49.60%,17.55%,$0.02 
/bangla/à¦–à§‡à¦²à¦¾/à¦«à§à¦Ÿà¦¬à¦²/à¦à¦®à¦¬à¦¾à¦ªà§‡à¦°-à¦•à§à¦²à¦¾à¦¬-à¦›à¦¾à§œà¦¾à¦°-à¦—à§à¦žà§à¦œà¦¨à§‡-à¦¬à¦¿à¦šà¦²à¦¿à¦¤-à¦¨à¦¨-à¦ªà¦¿à¦à¦¸à¦œà¦¿-à¦•à§‹à¦š-249921#.YRaHucndi2M.facebook,"8,496","8,244",0:03:26,"7,846",61.35%,69.01%,<$0.01
/https://www.thedailystar.net/bangla/à¦¸à¦‚à¦¬à¦¾à¦¦/à¦¬à¦¾à¦‚à¦²à¦¾à¦¦à§‡à¦¶/à¦…à¦ªà¦°à¦¾à¦§-à¦“-à¦¬à¦¿à¦šà¦¾à¦°/à¦œà¦¿à¦®à¦¿à¦•à§‡-à¦®à¦¾à¦¦à¦•-à¦®à¦¾à¦®à¦²à¦¾à§Ÿ-à¦—à§à¦°à§‡à¦ªà§à¦¤à¦¾à¦°-à¦¦à§‡à¦–à¦¾à¦²à§‹-à¦¡à¦¿à¦¬à¦¿-247566,"8,495","8,412",0:00:31,21,0.00%,41.81%,<$0.01
/shout/education/why-i-chose-be-teacher-191518,"8,482","7,647",0:04:42,"7,599",60.26%,68.65%,<$0.01
/youth/education/news/students-return-classrooms-after-one-and-half-years-2173991,"8,465","7,290",0:02:53,"5,554",67.12%,61.26%,$0.02 
/business/news/125kg-govt-lpg-cylinder-tk-591-12kg-private-ones-tk-975-energy-commission-2076413?amp=,"8,461","7,760",0:01:01,"7,401",62.32%,62.38%,$0.00 
/nrb/departure-arrival/airlines-more/news/biman-pilot-who-suffered-heart-attack-mid-air-clinically-dead-2163691,"8,438","7,647",0:02:37,"5,375",38.16%,48.07%,$0.02 
/country/news/qs-world-university-rankings-11-bangladeshi-universities-named-list-top-asian-universities-2001773?amp=,"8,389","7,406",0:01:16,"7,189",63.57%,63.87%,$0.00 
/next-step/news/noobs-guide-investing-stocks-bangladesh-2108789,"8,385","7,790",0:05:24,"7,516",53.35%,58.75%,<$0.01
/https://www.thedailystar.net/bangla/à¦…à¦­à¦¿à¦®à¦¤/à¦®à¦¤à¦¾à¦®à¦¤/à¦¹à¦¿à¦¸à¦¾à¦¬à¦Ÿà¦¾-à¦¶à§à¦§à§à¦‡-à¦¯à§‹à¦—-à¦¬à¦¿à§Ÿà§‹à¦—à§‡à¦°-à¦¨à§Ÿ-246856,"8,381","8,295",0:02:08,198,0.00%,66.27%,<$0.01
/bangla/à¦ªà§à¦°à¦¯à§à¦•à§à¦¤à¦¿-à¦“-à¦¸à§à¦Ÿà¦¾à¦°à§à¦Ÿà¦†à¦ª/à¦¬à¦¿à¦œà§à¦žà¦¾à¦¨-à¦ªà§à¦°à¦¯à§à¦•à§à¦¤à¦¿-à¦—à§‡à¦œà§‡à¦Ÿà¦¸/à¦ªà§à¦°à¦¯à§à¦•à§à¦¤à¦¿-à¦¸à¦‚à¦¬à¦¾à¦¦/à¦œà¦¾à¦¤à§€à§Ÿ-à¦ªà¦°à¦¿à¦šà§Ÿà¦ªà¦¤à§à¦°-à¦›à¦¾à§œà¦¾-à¦•à§‡à¦¨à¦¾-à¦¯à¦¾à¦¬à§‡,"8,361","7,998",0:03:03,"7,102",76.75%,75.72%,<$0.01
/bangla/à¦–à§‡à¦²à¦¾/à¦¸à§à¦ªà§‹à¦°à§à¦Ÿà¦¸-à¦¸à§à¦ªà§‡à¦¶à¦¾à¦²/à¦¬à¦¾à¦‚à¦²à¦¾à¦¦à§‡à¦¶-à¦¬à¦¨à¦¾à¦®-à¦¨à¦¿à¦‰à¦œà¦¿à¦²à§à¦¯à¦¾à¦¨à§à¦¡-à¦Ÿà¦¿-à¦Ÿà§‹à§Ÿà§‡à¦¨à§à¦Ÿà¦¿-à¦¸à¦¿à¦°à¦¿à¦œ/à¦®à§à¦¶à¦«à¦¿à¦•à§‡à¦°-à¦à¦®à¦¨-à¦‡à¦¨à¦¿à¦‚à¦¸à§‡à¦°-à¦¬à§à¦¯à¦¾à¦–à§à¦¯à¦¾-à¦•à¦¿,"8,352","8,111",0:05:25,"7,593",76.97%,81.90%,<$0.01
/bangla/à¦–à§‡à¦²à¦¾/à¦•à§à¦°à¦¿à¦•à§‡à¦Ÿ/à¦¬à¦™à§à¦—à¦¬à¦¨à§à¦§à§-à¦“-à¦¤à¦¾à¦°-à¦ªà¦°à¦¿à¦¬à¦¾à¦°à¦•à§‡-à¦¸à¦¿à¦°à¦¿à¦œ-à¦œà§Ÿ-à¦‰à§Žà¦¸à¦°à§à¦—-à¦•à¦°à¦›à¦¿-à¦®à¦¾à¦¹à¦®à§à¦¦à¦‰à¦²à§à¦²à¦¾à¦¹-248536,"8,351","7,904",0:02:30,"7,576",67.14%,72.91%,<$0.01
/bangla/à¦¸à¦‚à¦¬à¦¾à¦¦/à¦¬à¦¾à¦‚à¦²à¦¾à¦¦à§‡à¦¶/à¦°à¦¾à¦œà¦¬à¦¾à§œà§€à¦°-à¦¬à¦¾à¦œà¦¾à¦°à§‡-à§§à§¦-à¦®à¦£à§‡à¦°-à¦¶à¦¾à¦ªà¦²à¦¾-à¦ªà¦¾à¦¤à¦¾-à¦®à¦¾à¦›-255456,"8,348","7,852",0:02:04,"7,196",50.55%,60.15%,<$0.01
/life-living/health-fitness,"8,335","6,502",0:00:53,490,36.33%,12.77%,$0.02 
/bangla/à¦–à§‡à¦²à¦¾/à¦¸à§à¦ªà§‹à¦°à§à¦Ÿà¦¸-à¦¸à§à¦ªà§‡à¦¶à¦¾à¦²/à¦Ÿà§‹à¦•à¦¿à¦“-à¦…à¦²à¦¿à¦®à§à¦ªà¦¿à¦•-à§¨à§¦à§¨à§¦/à¦…à¦²à¦¿à¦®à§à¦ªà¦¿à¦•-à¦ªà¦¦à¦•à§‡à¦°-à¦®à§‚à¦²à§à¦¯-à¦•à¦¤à§‹-245366#.YQYmoxdRSSE.facebook,"8,323","8,043",0:04:41,"7,697",66.78%,76.62%,<$0.01
/health/what-should-be-the-ph-value-drinking-water-138382?amp=,"8,319","7,956",0:02:12,"7,943",75.35%,75.36%,$0.00 
/sports/sports-special/t20-world-cup-2021,"8,312","6,181",0:01:39,941,49.74%,26.17%,$0.05 
/bangla/à¦¸à¦‚à¦¬à¦¾à¦¦/à¦¬à¦¾à¦‚à¦²à¦¾à¦¦à§‡à¦¶/à¦ªà¦¦à§à¦®à¦¾à¦¸à§‡à¦¤à§à¦°-à¦ªà¦¿à¦²à¦¾à¦°à§‡-à¦¥à¦¾à¦•à¦¬à§‡-à¦•à§à¦¯à¦¾à¦®à§‡à¦°à¦¾-à¦†à¦²à§‹à¦•à¦¸à¦œà§à¦œà¦¾-à¦°à¦¾à¦¬à¦¾à¦°-à¦«à§‡à¦°à¦¿à¦¤à§‡-à¦¸à§‡à¦¨à¦¾-à¦¸à¦¦à¦¸à§à¦¯-249476,"8,286","7,947",0:03:30,"7,594",72.20%,78.28%,<$0.01
/shout/humour/types-memes-1534762,"8,273","7,628",0:03:13,"7,607",74.24%,76.22%,<$0.01
/bangla/à¦¸à¦‚à¦¬à¦¾à¦¦/à¦¬à¦¾à¦‚à¦²à¦¾à¦¦à§‡à¦¶/à¦¸à¦°à¦¾à¦‡à¦²à§‡-à¦¦à§à¦‡-à¦—à§à¦°à¦¾à¦®à¦¬à¦¾à¦¸à§€à¦°-à¦¨à§Œà¦•à¦¾-à¦¯à§à¦¦à§à¦§-252941,"8,262","7,772",0:02:07,"7,630",70.47%,75.87%,<$0.01
/bangla/à¦¸à¦‚à¦¬à¦¾à¦¦/à¦¬à¦¾à¦‚à¦²à¦¾à¦¦à§‡à¦¶/à¦¸à¦¦à¦°à¦¦à¦ªà§à¦¤à¦°à§‡-à¦¨à¦¿à¦œà§‡à¦°-à¦…à¦¸à§à¦¤à§à¦°à§‡à¦°-à¦—à§à¦²à¦¿à¦¤à§‡-à¦°â€à§à¦¯à¦¾à¦¬-à¦¸à¦¦à¦¸à§à¦¯-à¦¨à¦¿à¦¹à¦¤-260791,"8,236","7,914",0:01:32,"7,506",53.61%,62.87%,<$0.01
/passport-fees-can-be-deposited-in-5-more-banks-6694?amp=,"8,216","7,537",0:05:58,"7,531",92.18%,91.59%,$0.00 
/https://www.thedailystar.net/bangla/à¦¬à¦¿à¦¨à§‹à¦¦à¦¨/à¦Ÿà¦¿à¦­à¦¿-à¦“-à¦¸à¦¿à¦¨à§‡à¦®à¦¾/à¦¢à¦¾à¦²à¦¿à¦‰à¦¡/à¦­à¦¾à¦°à¦¤à§€à§Ÿ-à¦¦à§‚à¦¤à¦¾à¦¬à¦¾à¦¸-à¦¡à§‡à¦•à§‡à¦›à¦¿à¦²-à¦¸à§à¦¨à§à¦¦à¦°-à¦à¦•à¦Ÿà¦¾-à¦¸à¦®à¦¾à¦§à¦¾à¦¨-à¦¹à§Ÿà§‡-à¦¯à¦¾à¦¬à§‡-à¦«à§‡à¦°à¦¦à§Œà¦¸-255951,"8,199","8,124",0:00:53,19,0.00%,45.19%,<$0.01
/news/bangladesh/crime-justice/news/law-enforcers-pori-monis-home-actress-facebook-live-2144636,"8,176","7,458",0:02:10,"3,218",49.01%,37.68%,$0.03 
/health/black-salt-and-its-health-hazard-1451023,"8,155","7,848",0:02:45,"7,830",55.89%,76.84%,<$0.01
/life-living/fashion-beauty,"8,136","6,194",0:00:47,397,40.45%,12.89%,$0.03 
/news/bangladesh/transport/news/padma-bridge-road-slab-placement-complete-2158651,"8,116","6,824",0:01:41,"6,442",58.30%,61.78%,<$0.01
/business/economy/news/direct-flights-cairo-november-2173921,"8,107","7,570",0:03:34,"7,332",78.68%,86.18%,<$0.01
/bangla/à¦¸à¦‚à¦¬à¦¾à¦¦/à¦¬à¦¾à¦‚à¦²à¦¾à¦¦à§‡à¦¶/à¦ªà¦¦à§à¦®à¦¾-à¦¸à§‡à¦¤à§à¦°-à¦ªà¦¿à¦²à¦¾à¦°à§‡-à¦«à§‡à¦°à¦¿-à¦§à¦¾à¦•à§à¦•à¦¾à¦°-à¦­à§à§Ÿà¦¾-à¦›à¦¬à¦¿-à¦«à§‡à¦¸à¦¬à§à¦•à§‡-à¦­à¦¾à¦‡à¦°à¦¾à¦²-250161,"8,099","7,536",0:01:43,"7,182",61.57%,66.51%,<$0.01
/bangla/à¦¬à¦¿à¦¨à§‹à¦¦à¦¨/à¦Ÿà¦¿à¦­à¦¿-à¦“-à¦¸à¦¿à¦¨à§‡à¦®à¦¾/à¦¢à¦¾à¦²à¦¿à¦‰à¦¡/à¦­à¦¾à¦°à¦¤à§€à§Ÿ-à¦¦à§‚à¦¤à¦¾à¦¬à¦¾à¦¸-à¦¡à§‡à¦•à§‡à¦›à¦¿à¦²-à¦¸à§à¦¨à§à¦¦à¦°-à¦à¦•à¦Ÿà¦¾-à¦¸à¦®à¦¾à¦§à¦¾à¦¨-à¦¹à§Ÿà§‡-à¦¯à¦¾à¦¬à§‡-à¦«à§‡à¦°à¦¦à§Œà¦¸-255951,"8,097","7,843",0:02:55,"7,162",66.58%,73.39%,<$0.01
/https://www.thedailystar.net/bangla/à¦¬à¦¿à¦¨à§‹à¦¦à¦¨/à¦Ÿà¦¿à¦­à¦¿-à¦“-à¦¸à¦¿à¦¨à§‡à¦®à¦¾/à¦¹à¦²à¦¿à¦‰à¦¡/à¦à¦¬à¦¾à¦°-à¦¹à¦²à¦¿à¦‰à¦¡à§‡à¦°-à¦¸à¦¿à¦¨à§‡à¦®à¦¾-à¦ªà§à¦°à¦¯à§‹à¦œà¦¨à¦¾à§Ÿ-à¦¦à§€à¦ªà¦¿à¦•à¦¾-256401,"8,097","8,031",0:00:36,35,0.00%,42.40%,<$0.01
/https://www.thedailystar.net/bangla/à¦¬à¦¿à¦¨à§‹à¦¦à¦¨/à¦Ÿà¦¿à¦­à¦¿-à¦“-à¦¸à¦¿à¦¨à§‡à¦®à¦¾/à¦¢à¦¾à¦²à¦¿à¦‰à¦¡/à¦šà¦¿à¦¤à§à¦°à¦¨à¦¾à§Ÿà¦•-à¦¸à¦¾à¦‡à¦®à¦¨-à¦•à¦°à§‹à¦¨à¦¾-à¦†à¦•à§à¦°à¦¾à¦¨à§à¦¤-248211,"8,062","8,000",0:00:24,21,0.00%,35.69%,<$0.01
/https://www.thedailystar.net/bangla/à¦¸à¦‚à¦¬à¦¾à¦¦/à¦¬à¦¾à¦‚à¦²à¦¾à¦¦à§‡à¦¶/à¦¦à§à¦°à§à¦˜à¦Ÿà¦¨à¦¾-à¦…à¦—à§à¦¨à¦¿à¦•à¦¾à¦£à§à¦¡/à¦¨à¦¾à¦°à¦¾à§Ÿà¦£à¦—à¦žà§à¦œà§‡-à¦•à¦¾à¦°à¦–à¦¾à¦¨à¦¾à§Ÿ-à¦†à¦—à§à¦¨-à§¨à§ª-à¦œà¦¨à§‡à¦°-à¦®à¦°à¦¦à§‡à¦¹-à¦«à¦¿à¦°à§‡-à¦ªà§‡à¦²-à¦ªà¦°à¦¿à¦¬à¦¾à¦°-246586,"8,059","7,999",0:01:13,22,0.00%,71.65%,<$0.01
/bangla/à¦–à§‡à¦²à¦¾/à¦«à§à¦Ÿà¦¬à¦²/à¦¬à¦¾à¦°à§à¦¸à§‡à¦²à§‹à¦¨à¦¾à§Ÿ-à¦«à¦¿à¦°à¦²à§‡à¦¨-à¦®à§‡à¦¸à¦¿-252526#.YSCxxxnacjA.facebook,"8,042","7,904",0:03:09,"7,712",75.36%,80.91%,<$0.01
/nrb/departure-arrival/travel-advisory/news/air-bubble-flights-india-might-start-next-week-2153451,"8,036","7,084",0:02:25,"6,524",55.72%,64.44%,<$0.01
/https://www.thedailystar.net/bangla/à¦¸à¦‚à¦¬à¦¾à¦¦/à¦à¦¶à¦¿à§Ÿà¦¾/à¦­à¦¾à¦°à¦¤/à¦¦à¦¿à¦²à§à¦²à¦¿-à¦ªà§à¦°à§‡à¦¸à¦•à§à¦²à¦¾à¦¬à§‡-à¦¸à§à¦¥à¦¾à¦ªà¦¿à¦¤-à¦¹à¦šà§à¦›à§‡-à¦¬à¦™à§à¦—à¦¬à¦¨à§à¦§à§-à¦®à¦¿à¦¡à¦¿à¦¯à¦¼à¦¾-à¦¸à§‡à¦¨à§à¦Ÿà¦¾à¦°-257331,"8,033","7,953",0:01:07,25,0.00%,69.87%,<$0.01
/bangla/à¦¸à¦‚à¦¬à¦¾à¦¦/à¦à¦¶à¦¿à§Ÿà¦¾/à¦à¦¶à¦¿à§Ÿà¦¾à¦°-à¦…à¦¨à§à¦¯à¦¾à¦¨à§à¦¯-à¦¦à§‡à¦¶/à¦œà¦¾à¦¨à§à¦¤à¦¾-à¦ªà§à¦°à¦§à¦¾à¦¨-à¦®à¦¿à¦¨-à¦…à¦‚-à¦¹à§à¦²à¦¾à¦‡à¦‚à¦•à§‡-à¦®à¦¿à§Ÿà¦¾à¦¨à¦®à¦¾à¦°à§‡à¦°-à¦ªà§à¦°à¦§à¦¾à¦¨à¦®à¦¨à§à¦¤à§à¦°à§€-à¦˜à§‹à¦·à¦£à¦¾-245686,"8,008","7,674",0:02:20,"7,385",50.73%,60.04%,<$0.01
/https://www.thedailystar.net/bangla/à¦–à§‡à¦²à¦¾/à¦•à§à¦°à¦¿à¦•à§‡à¦Ÿ/à¦¬à¦¾à¦‚à¦²à¦¾à¦¦à§‡à¦¶-à¦¸à¦«à¦°à§‡-à¦¨à¦¿à¦‰à¦œà¦¿à¦²à§à¦¯à¦¾à¦¨à§à¦¡à§‡à¦°-à¦¬à¦¿à¦¶à§à¦¬à¦•à¦¾à¦ª-à¦¸à§à¦•à§‹à§Ÿà¦¾à¦¡à§‡à¦°-à¦•à§‡à¦‰à¦‡-à¦¨à§‡à¦‡-248571,"7,990","7,930",0:02:30,43,0.00%,72.32%,<$0.01
/news/lifestyle/note-nutrition/chicken-nutrition-and-health-benefits-1628755?amp=,"7,983","7,405",0:01:43,"7,374",63.18%,63.48%,$0.00 
/nrb/departure-arrival/airlines-more/news/bangladesh-india-flights-limbo-2156616,"7,979","7,114",0:03:10,"6,387",65.87%,71.15%,$0.01 
/frontpage/how-get-smart-nid-card-1293733,"7,975","7,385",0:02:09,"7,092",51.20%,67.02%,<$0.01
/life-living/travel/news/india-bangladesh-flights-resume-september-4-caab-2167246,"7,946","6,954",0:02:45,"6,679",59.71%,68.34%,$0.01 
/opinion/online-exclusive/news/what-makes-the-7th-march-speech-one-the-best-2056453?amp=,"7,930","6,798",0:04:02,"6,019",67.14%,64.92%,$0.00 
/budget-2020-21-no-individual-tax-income-below-tk-3-lakh-1912693,"7,922","7,421",0:01:53,"6,983",42.54%,48.41%,<$0.01
/shift/shift-garage/mythbusting-turbo-timers-on-non-turbo-cars-184297?amp=,"7,918","7,654",0:03:27,"7,645",83.70%,83.70%,$0.00 
/https://www.thedailystar.net/bangla/à¦¸à¦‚à¦¬à¦¾à¦¦/à¦à¦¶à¦¿à§Ÿà¦¾/à¦¦à¦•à§à¦·à¦¿à¦£-à¦à¦¶à¦¿à§Ÿà¦¾/à¦†à¦«à¦—à¦¾à¦¨-à¦ªà¦°à¦¿à¦¸à§à¦¥à¦¿à¦¤à¦¿-à¦¨à¦¿à¦¬à¦¿à¦¡à¦¼à¦­à¦¾à¦¬à§‡-à¦ªà¦°à§à¦¯à¦¬à§‡à¦•à§à¦·à¦£-à¦•à¦°à¦›à§‡-à¦ªà¦¾à¦•à¦¿à¦¸à§à¦¤à¦¾à¦¨-250591,"7,868","7,726",0:01:31,15,0.00%,37.96%,<$0.01
/opinion/macro-mirror/news/padma-bridge-and-the-pursuit-inclusive-growth-2010893?amp=,"7,860","6,541",0:04:59,"5,841",65.26%,62.85%,$0.00 
/youth/education/news/schools-colleges-reopen-sept-12-2169051?amp=,"7,834","7,220",0:00:53,"5,538",59.64%,54.57%,<$0.01
/bangla/à¦¸à¦‚à¦¬à¦¾à¦¦/à¦¬à¦¾à¦‚à¦²à¦¾à¦¦à§‡à¦¶/à¦•à§ƒà¦·à¦¿/à¦†à¦¬à¦¾à¦°-à¦ªà¦¾à¦¨à¦¿à¦¤à§‡-à¦¢à§‡à¦‰-à¦¤à§à¦²à¦¬à§‡-à¦•à¦¾à¦•à¦¿à¦²à¦¾-254286,"7,831","7,490",0:04:13,"6,953",78.94%,80.85%,<$0.01
/bangla/à¦¤à¦¾à¦°à§à¦£à§à¦¯/à¦¶à¦¿à¦•à§à¦·à¦¾/à¦ªà¦žà§à¦šà¦®-à¦¶à§à¦°à§‡à¦£à¦¿à¦°-à¦¶à¦¿à¦•à§à¦·à¦¾à¦°à§à¦¥à§€-à¦à¦¸à¦à¦¸à¦¸à¦¿-à¦à¦‡à¦šà¦à¦¸à¦¸à¦¿-à¦ªà¦°à§€à¦•à§à¦·à¦¾à¦°à§à¦¥à§€à¦°à¦¾-à¦ªà§à¦°à¦¤à¦¿à¦¦à¦¿à¦¨-à¦•à§à¦²à¦¾à¦¸à§‡-à¦†à¦¸à¦¬à§‡-258101,"7,814","7,278",0:01:40,"6,370",54.57%,56.37%,<$0.01
/bangla/à¦¸à¦‚à¦¬à¦¾à¦¦/à¦¬à¦¾à¦‚à¦²à¦¾à¦¦à§‡à¦¶/à¦†à¦œ-à¦œà¦¾à¦¤à§€à§Ÿ-à¦¶à§‹à¦•-à¦¦à¦¿à¦¬à¦¸-250291,"7,800","6,571",0:05:12,"6,413",68.58%,70.50%,<$0.01
/bangla/à¦–à§‡à¦²à¦¾/à¦¸à§à¦ªà§‹à¦°à§à¦Ÿà¦¸-à¦¸à§à¦ªà§‡à¦¶à¦¾à¦²/à¦Ÿà§‹à¦•à¦¿à¦“-à¦…à¦²à¦¿à¦®à§à¦ªà¦¿à¦•-à§¨à§¦à§¨à§¦/à¦¸à§‡à¦‡-à¦¸à§Œà¦¦à¦¿à§Ÿà¦¾à¦¨-à¦¨à¦¾à¦°à§€à¦°-à¦‰à¦šà§à¦›à§à¦¬à¦¸à¦¿à¦¤-à¦ªà§à¦°à¦¶à¦‚à¦¸à¦¾à§Ÿ-à¦‡à¦¸à¦°à¦¾à¦‡à¦²à¦¿-à¦¨à¦¾à¦°à§€-245426#.YQZW7ehambw.facebook,"7,780","7,550",0:03:43,"7,138",69.15%,77.16%,<$0.01
/apps,"7,760","6,421",0:02:11,"2,367",62.04%,48.29%,$0.04 
/toggle/news/why-sex-education-important-now-more-ever-2059109,"7,756","7,002",0:05:14,"6,842",70.12%,71.88%,<$0.01
/next-step/news/noobs-guide-investing-stocks-bangladesh-2108789?amp=,"7,724","7,115",0:04:59,"6,958",69.63%,69.25%,<$0.01
/environment/climate-crisis,"7,723","5,993",0:01:00,454,42.42%,12.68%,$0.02 
/bangladesh-national-election-2018/results,"7,719","5,418",0:03:34,"4,991",70.11%,63.36%,<$0.01
/news/bangladesh/crime-justice/news/high-court-directs-govt-ban-tiktok-pubg-free-fire-2153431,"7,711","6,896",0:02:11,"5,760",50.29%,56.65%,$0.01 
/bangla/à¦–à§‡à¦²à¦¾/à¦«à§à¦Ÿà¦¬à¦²/à¦®à¦¾à¦¨à§à¦·-à¦†à¦®à¦¾à¦•à§‡-à¦›à¦¾à§œà¦¾-à¦¬à¦¾à¦°à§à¦¸à¦¾à¦•à§‡-à¦¦à§‡à¦–à¦¤à§‡-à¦…à¦­à§à¦¯à¦¸à§à¦¤-à¦¹à§Ÿà§‡-à¦¯à¦¾à¦¬à§‡-à¦®à§‡à¦¸à¦¿-248091#.YQ_Q7is4_vs.facebook,"7,657","7,321",0:04:00,"7,066",51.81%,62.17%,<$0.01
/nrb/departure-arrival/travel-advisory/news/passport-holding-passengers-india-can-now-enter-bangladesh-every-day-without-noc-2178266?amp=,"7,629","7,093",0:01:10,"6,149",60.69%,57.22%,<$0.01
/bangla/à¦–à§‡à¦²à¦¾/à¦•à§à¦°à¦¿à¦•à§‡à¦Ÿ/à¦¢à¦¾à¦•à¦¾à§Ÿ-à¦†à¦¸à¦¾-à¦¨à¦¿à¦‰à¦œà¦¿à¦²à§à¦¯à¦¾à¦¨à§à¦¡à§‡à¦°-à¦•à§à¦°à¦¿à¦•à§‡à¦Ÿà¦¾à¦°-à¦…à§à¦¯à¦¾à¦²à§‡à¦¨-à¦•à§‹à¦­à¦¿à¦¡-à§§à§¯-à¦ªà¦œà¦¿à¦Ÿà¦¿à¦­-253641,"7,628","7,408",0:04:25,"7,001",72.13%,79.26%,<$0.01
/bangla/à¦¸à¦‚à¦¬à¦¾à¦¦/à¦à¦¶à¦¿à§Ÿà¦¾/à¦¦à¦•à§à¦·à¦¿à¦£-à¦à¦¶à¦¿à§Ÿà¦¾/à¦°à¦•à§à¦¤à¦ªà¦¾à¦¤-à¦à§œà¦¾à¦¤à§‡-à¦¦à§‡à¦¶-à¦›à§‡à§œà§‡à¦›à¦¿-à¦†à¦¶à¦°à¦¾à¦«-à¦—à¦¨à¦¿-250621,"7,590","6,892",0:01:05,"6,242",27.06%,33.24%,<$0.01
/bangla/à¦¤à¦¾à¦°à§à¦£à§à¦¯/à¦¶à¦¿à¦•à§à¦·à¦¾/à§§à§«-à¦…à¦•à§à¦Ÿà§‹à¦¬à¦°-à¦¥à§‡à¦•à§‡-à¦¬à¦¿à¦¶à§à¦¬à¦¬à¦¿à¦¦à§à¦¯à¦¾à¦²à§Ÿ-à¦–à§à¦²à¦›à§‡-à¦‡à¦‰à¦œà¦¿à¦¸à¦¿-à¦šà§‡à§Ÿà¦¾à¦°à¦®à§à¦¯à¦¾à¦¨-254336,"7,577","6,966",0:01:07,"6,286",46.39%,51.79%,<$0.01
/bangla/à¦…à¦°à§à¦¥à¦¨à§€à¦¤à¦¿/à§¨à§¦à§¨à§¦-à§¨à§§-à¦…à¦°à§à¦¥à¦¬à¦›à¦°à§‡-à¦°à§‡à¦•à¦°à§à¦¡-à¦ªà§à¦°à¦¬à¦¾à¦¸à§€-à¦“-à¦°à¦ªà§à¦¤à¦¾à¦¨à¦¿-à¦†à¦¯à¦¼-236056,"7,570","6,549",0:03:27,"6,158",55.25%,63.45%,<$0.01
/bangla/à¦¬à¦¿à¦¨à§‹à¦¦à¦¨/à¦¸à¦‚à¦—à§€à¦¤/à¦®à¦¾à¦®à¦²à¦¾-à¦•à¦°à¦¤à§‡-à¦†à¦¦à¦¾à¦²à¦¤à§‡-à¦œà§‡à¦®à¦¸-262736,"7,565","7,329",0:01:43,"6,917",53.92%,61.86%,<$0.01
/news-detail-91206?amp=,"7,557","6,687",0:03:44,"6,462",84.18%,82.85%,$0.00 
/bangla/à¦¤à¦¾à¦°à§à¦£à§à¦¯/à¦¶à¦¿à¦•à§à¦·à¦¾/à¦¬à§à§Ÿà§‡à¦Ÿà§‡à¦°-à¦…à¦¨à¦²à¦¾à¦‡à¦¨-à¦ªà¦°à§€à¦•à§à¦·à¦¾à¦°-à¦¸à¦¿à¦¦à§à¦§à¦¾à¦¨à§à¦¤à§‡-à¦¶à¦¿à¦•à§à¦·à¦¾à¦°à§à¦¥à§€à¦°à¦¾-à¦•à§à¦·à§à¦¬à§à¦§-245886,"7,540","6,705",0:04:21,"6,164",70.59%,70.28%,<$0.01
/toggle/news/the-hustle-culture-lie-heres-why-2089781,"7,519","7,038",0:05:55,"6,977",78.22%,80.41%,<$0.01
/user,"7,488","6,073",0:05:35,"2,373",40.50%,30.53%,$0.05 
/bangla/à¦¸à¦‚à¦¬à¦¾à¦¦/à¦à¦¶à¦¿à§Ÿà¦¾/à¦¦à¦•à§à¦·à¦¿à¦£-à¦à¦¶à¦¿à§Ÿà¦¾/à¦¸à¦¬à¦¾à¦‡-à¦†à¦®à¦¾à¦¦à§‡à¦°à¦•à§‡-à¦¨à¦¿à§Ÿà§‡-à¦–à§‡à¦²à¦›à§‡-à¦¡à§‡à¦‡à¦²à¦¿-à¦¸à§à¦Ÿà¦¾à¦°à¦•à§‡-à§¨-à¦†à¦«à¦—à¦¾à¦¨-à¦¸à¦¾à¦‚à¦¬à¦¾à¦¦à¦¿à¦•-250841,"7,474","7,137",0:03:10,"6,489",52.91%,59.97%,<$0.01
/bangla/à¦¸à¦‚à¦¬à¦¾à¦¦/à¦¬à¦¾à¦‚à¦²à¦¾à¦¦à§‡à¦¶/à¦…à¦ªà¦°à¦¾à¦§-à¦“-à¦¬à¦¿à¦šà¦¾à¦°/à¦à¦¡à¦¿à¦¸à¦¿-à¦—à§‹à¦²à¦¾à¦®-à¦¸à¦¾à¦•à¦²à¦¾à§Ÿà§‡à¦¨à¦•à§‡-à¦ªà¦¿à¦“à¦à¦®-à¦ªà¦¶à§à¦šà¦¿à¦®-à¦¬à¦¿à¦­à¦¾à¦—à§‡-à¦¬à¦¦à¦²à¦¿-247636,"7,461","7,139",0:01:44,"6,125",49.93%,59.27%,<$0.01
/https://www.thedailystar.net/bangla/à¦¸à¦‚à¦¬à¦¾à¦¦/à¦¬à¦¾à¦‚à¦²à¦¾à¦¦à§‡à¦¶/à¦¦à§à¦°à§à¦˜à¦Ÿà¦¨à¦¾-à¦…à¦—à§à¦¨à¦¿à¦•à¦¾à¦£à§à¦¡/à¦°à¦¾à¦œà¦¬à¦¾à§œà§€à¦¤à§‡-à¦¸à§œà¦•-à¦¦à§à¦°à§à¦˜à¦Ÿà¦¨à¦¾à§Ÿ-à¦¨à¦¿à¦¹à¦¤-à§¨-253516,"7,455","7,428",0:00:27,11,0.00%,52.25%,<$0.01
/editorial/news/50-years-bangladeshs-independence-2066937?amp=,"7,432","5,898",0:02:30,"5,385",52.50%,51.13%,<$0.01
/bangla/à¦–à§‡à¦²à¦¾/à¦•à§à¦°à¦¿à¦•à§‡à¦Ÿ/à¦ªà¦¾à¦•à¦¿à¦¸à§à¦¤à¦¾à¦¨à§‡à¦°-à¦¬à¦¿à¦¶à§à¦¬à¦•à¦¾à¦ª-à¦¦à¦²à§‡-à¦†à¦¸à¦¿à¦«-à¦–à§à¦¶à¦¦à¦¿à¦²-à¦¨à§‡à¦‡-à¦«à¦–à¦°-à¦¶à¦¾à¦°à¦œà¦¿à¦²-258351,"7,428","7,145",0:03:31,"6,817",61.08%,71.54%,<$0.01
/views/editorial/news/dhaka-metro-rail-usher-new-era-commuting-2164571,"7,422","6,395",0:03:27,"5,333",66.01%,64.38%,$0.01 
/https://www.thedailystar.net/bangla/à¦¸à¦‚à¦¬à¦¾à¦¦/à¦¬à¦¾à¦‚à¦²à¦¾à¦¦à§‡à¦¶/à¦…à¦ªà¦°à¦¾à¦§-à¦“-à¦¬à¦¿à¦šà¦¾à¦°/à¦¸à¦¿à¦¨à¦¹à¦¾-à¦¹à¦¤à§à¦¯à¦¾-à¦®à¦¾à¦®à¦²à¦¾à§Ÿ-à¦¦à§à¦¬à¦¿à¦¤à§€à¦¯à¦¼-à¦¦à¦«à¦¾à§Ÿ-à¦¦à§à¦¬à¦¿à¦¤à§€à§Ÿ-à¦¦à¦¿à¦¨à§‡à¦°-à¦¸à¦¾à¦•à§à¦·à§à¦¯-à¦¶à§à¦°à§-258311,"7,403","7,348",0:00:57,12,0.00%,61.35%,<$0.01
/toggle/news/why-sex-education-important-now-more-ever-2059109?amp=,"7,389","6,460",0:04:02,"6,394",75.04%,73.96%,$0.00 
/opinion/news/was-the-partition-1947-inevitable-1907993?amp=,"7,388","5,789",0:03:48,"5,754",67.92%,66.78%,$0.00 
/bangla/à¦¸à¦‚à¦¸à§à¦•à§ƒà¦¤à¦¿/à¦¬à¦‡/à¦¸à¦¾à¦¹à¦¿à¦¤à§à¦¯/à¦šà¦¾à¦°-à¦•à¦¬à¦¿à¦°-à¦¸à§à¦®à§ƒà¦¤à¦¿à¦¤à§‡-à¦­à§Ÿà¦¾à¦²-à¦†à¦—à¦¸à§à¦Ÿ-247441,"7,383","6,527",0:03:01,"6,334",65.95%,68.40%,<$0.01
/frontpage/how-get-smart-nid-card-1293733?amp=,"7,371","6,709",0:01:44,"6,629",68.61%,69.01%,$0.00 
/https://www.thedailystar.net/bangla/à¦¸à¦‚à¦¬à¦¾à¦¦/à¦¬à¦¾à¦‚à¦²à¦¾à¦¦à§‡à¦¶/à¦°à¦¾à¦œà¦¨à§€à¦¤à¦¿/à¦—à¦£à¦Ÿà¦¿à¦•à¦¾-à¦•à¦¾à¦°à§à¦¯à¦•à§à¦°à¦®-à¦¸à¦«à¦²-à¦•à¦°à¦¤à§‡-à¦ªà§à¦°à¦šà¦¾à¦°-à¦šà¦¾à¦²à¦¾à¦¬à§‡-à¦†-à¦²à§€à¦—-à¦•à¦¾à¦¦à§‡à¦°-246661,"7,348","7,280",0:01:47,33,0.00%,77.67%,<$0.01
/life-living/food-wellness/news/masterchef-australias-kishwar-chowdhury-working-michelin-star-chef-masahiko-yomodo-2130761,"7,347","7,092",0:02:02,"6,711",52.94%,64.97%,<$0.01
/bangla/à¦¸à¦‚à¦¬à¦¾à¦¦/à¦¬à¦¾à¦‚à¦²à¦¾à¦¦à§‡à¦¶/à¦°à¦¾à¦œà¦¨à§€à¦¤à¦¿/à¦–à¦¾à¦²à§‡à¦¦à¦¾-à¦œà¦¿à§Ÿà¦¾-à¦¦à§‡à¦–à¦¤à§‡-à¦¯à¦¾à¦¬à§‡à¦¨-à¦¬à¦²à§‡-à¦†à¦‡à¦­à¦¿-à¦°à¦¹à¦®à¦¾à¦¨à§‡à¦°-à¦›à§‡à¦²à§‡-à¦®à§‡à§Ÿà§‡à¦¦à§‡à¦°-à¦¤à¦¾à¦²à¦¾-à¦®à§‡à¦°à§‡-à¦°à¦¾à¦–à¦¾-à¦¹à§Ÿ,"7,337","7,106",0:04:39,"6,434",80.71%,80.74%,<$0.01
/newsletter,"7,292","6,267",0:01:01,"1,183",80.71%,31.24%,$0.04 
/bangla/à¦–à§‡à¦²à¦¾/à¦•à§à¦°à¦¿à¦•à§‡à¦Ÿ/à¦¨à§‡à¦¤à§ƒà¦¤à§à¦¬à§‡-à¦¥à¦¾à¦•à¦²à§‡-à¦šà§à¦¯à¦¾à¦®à§à¦ªà¦¿à§Ÿà¦¨-à¦¹à¦“à§Ÿà¦¾à¦°-à¦˜à§‹à¦·à¦£à¦¾-à¦¦à¦¿à§Ÿà§‡-à§¨à§¦à§¨à§©-à¦¬à¦¿à¦¶à§à¦¬à¦•à¦¾à¦ª-à¦–à§‡à¦²à¦¬à§‡à¦¨-à¦¤à¦¾à¦®à¦¿à¦®-262871,"7,283","6,963",0:03:44,"6,763",71.45%,77.74%,<$0.01
/news/bangladesh/crime-justice/news/pori-moni-out-jail-after-4-weeks-2165881#.YS75FPX_L5I.facebook,"7,271","6,628",0:02:10,"6,521",50.46%,70.29%,<$0.01
/https://www.thedailystar.net/bangla/à¦¸à§à¦¬à¦¾à¦¸à§à¦¥à§à¦¯/à¦•à¦°à§‹à¦¨à¦¾à¦­à¦¾à¦‡à¦°à¦¾à¦¸/à¦°à¦¾à¦®à§‡à¦•-à¦¹à¦¾à¦¸à¦ªà¦¾à¦¤à¦¾à¦²à§‡à¦°-à¦•à¦°à§‹à¦¨à¦¾-à¦‡à¦‰à¦¨à¦¿à¦Ÿà§‡-à¦†à¦œ-à¦®à§ƒà¦¤à§à¦¯à§-à§§à§§-250021,"7,259","7,206",0:01:05,156,0.00%,70.37%,<$0.01
/bangla/à¦¬à¦¿à¦¨à§‹à¦¦à¦¨/à¦Ÿà¦¿à¦­à¦¿-à¦“-à¦¸à¦¿à¦¨à§‡à¦®à¦¾/à¦­à¦¾à¦°à¦¤à§€à§Ÿ-à¦šà¦²à¦šà§à¦šà¦¿à¦¤à§à¦°à§‡-à¦¬à¦¾à¦‚à¦²à¦¾à¦¦à§‡à¦¶à¦•à§‡-à¦­à§à¦²à¦­à¦¾à¦¬à§‡-à¦‰à¦ªà¦¸à§à¦¥à¦¾à¦ªà¦¨à§‡à¦°-à¦ªà§à¦°à¦¬à¦£à¦¤à¦¾-260616,"7,255","6,984",0:05:30,"6,521",67.48%,73.88%,<$0.01
/bangla/à¦…à¦­à¦¿à¦®à¦¤/à¦®à¦¤à¦¾à¦®à¦¤/à¦¶à§à¦§à§-à¦®à§à¦–à§‡-à¦¨à§Ÿ-à¦¬à§à¦•à§‡à¦“-à¦¥à¦¾à¦•à§à¦•-à¦¬à¦™à§à¦—à¦¬à¦¨à§à¦§à§-250321,"7,224","6,126",0:04:18,"5,355",73.93%,70.18%,<$0.01
/business/economy/e-commerce/news/shopup-raises-75m-investment-2170391,"7,207","6,555",0:03:28,"5,554",66.49%,68.78%,$0.01 
/news-detail-257625?amp=,"7,207","5,862",0:06:02,"5,840",83.34%,80.95%,$0.00 
/bangla/à¦–à§‡à¦²à¦¾/à¦«à§à¦Ÿà¦¬à¦²/à¦•à§‹à§Ÿà¦¾à¦°à§‡à¦¨à§à¦Ÿà¦¿à¦¨-à¦œà¦Ÿà¦¿à¦²à¦¤à¦¾à§Ÿ-à¦¶à§à¦°à§à¦°-à¦ªà¦°-à¦¸à§à¦¥à¦—à¦¿à¦¤-à¦¬à§à¦°à¦¾à¦œà¦¿à¦²-à¦†à¦°à§à¦œà§‡à¦¨à§à¦Ÿà¦¿à¦¨à¦¾-à¦®à§à¦¯à¦¾à¦š-258266#.YTUdr9NuY0E.facebook,"7,206","6,910",0:03:27,"6,742",55.62%,65.45%,<$0.01
/toggle/news/govt-going-ban-pubg-and-free-fire-bangladesh-2101145?amp=,"7,192","6,661",0:00:47,"6,409",66.11%,66.10%,$0.00 
/https://www.thedailystar.net/bangla/à¦¸à¦‚à¦¬à¦¾à¦¦/à¦¬à¦¾à¦‚à¦²à¦¾à¦¦à§‡à¦¶/à¦¸à§à¦¨à¦¿à¦°à§à¦¦à¦¿à¦·à§à¦Ÿ-à¦…à¦­à¦¿à¦¯à§‹à¦—à§‡-à¦ªà¦°à§€à¦®à¦¨à¦¿à¦°-à¦¬à¦¾à¦¸à¦¾à§Ÿ-à¦°â€à§à¦¯à¦¾à¦¬à§‡à¦°-à¦…à¦­à¦¿à¦¯à¦¾à¦¨-246611,"7,170","7,048",0:00:31,28,0.00%,32.91%,<$0.01
/tech-startup/news/free-fire-pubg-be-banned-destructive-apps-be-monitored-btrc-2160431,"7,161","6,523",0:01:41,"5,977",56.21%,63.16%,<$0.01
/next-step/how-to's/how-boost-your-iq-7-days-1369885,"7,148","6,717",0:04:12,"6,701",60.71%,74.79%,<$0.01
/bangla/à¦–à§‡à¦²à¦¾/à¦«à§à¦Ÿà¦¬à¦²/à¦•à¦¿-à¦¹à¦¤à§‡-à¦ªà¦¾à¦°à§‡-à¦¬à§à¦°à¦¾à¦œà¦¿à¦²-à¦†à¦°à§à¦œà§‡à¦¨à§à¦Ÿà¦¿à¦¨à¦¾-à¦®à§à¦¯à¦¾à¦šà§‡à¦°-à¦­à¦¾à¦—à§à¦¯-258466#.YTYLUqPO7cA.facebook,"7,132","6,910",0:04:50,"6,770",60.37%,72.80%,<$0.01
/opinion/macro-mirror/news/life-after-the-pandemic-1899088,"7,123","5,691",0:06:28,"5,661",60.79%,70.29%,<$0.01
/life-living/food-recipes,"7,094","5,456",0:00:58,325,39.81%,13.05%,$0.02 
/bangla/node/230565,"7,089","6,208",0:02:03,"6,191",63.28%,69.78%,<$0.01
/bangla/à¦¸à§à¦¬à¦¾à¦¸à§à¦¥à§à¦¯/à¦•à¦°à§‹à¦¨à¦¾à¦­à¦¾à¦‡à¦°à¦¾à¦¸/à¦¦à§‡à¦¶à§‡-à¦Ÿà¦¿à¦•à¦¾-à¦‰à§Žà¦ªà¦¾à¦¦à¦¨-à¦¸à¦¿à¦¨à§‹à¦«à¦¾à¦°à§à¦®-à¦¸à§à¦¬à¦¾à¦¸à§à¦¥à§à¦¯-à¦®à¦¨à§à¦¤à§à¦°à¦£à¦¾à¦²à§Ÿ-à¦“-à¦‡à¦¨à¦¸à§‡à¦ªà§à¦Ÿà¦¾à¦°-à¦®à¦§à§à¦¯à§‡-à¦šà§à¦•à§à¦¤à¦¿-à¦¸à¦‡,"7,070","6,711",0:03:07,"5,964",57.28%,66.35%,<$0.01
/https://www.thedailystar.net/bangla/à¦¸à¦‚à¦¬à¦¾à¦¦/à¦¬à¦¿à¦¶à§à¦¬/à¦‡à¦‰à¦°à§‹à¦ª/à§¬-à¦¦à¦¿à¦¨à§‡à¦“-à¦¨à¦¿à§Ÿà¦¨à§à¦¤à§à¦°à¦£à§‡à¦°-à¦¬à¦¾à¦‡à¦°à§‡-à¦—à§à¦°à¦¿à¦¸à§‡à¦°-à¦¦à¦¾à¦¬à¦¾à¦¨à¦²-248276,"7,052","7,022",0:01:14,88,0.00%,74.89%,<$0.01
/bangla/à¦¸à§à¦¬à¦¾à¦¸à§à¦¥à§à¦¯/à¦¸à§à¦¬à¦¾à¦¸à§à¦¥à§à¦¯à¦¸à§‡à¦¬à¦¾/à¦¹à¦¾à¦¸à¦ªà¦¾à¦¤à¦¾à¦²/à¦Ÿà¦¾à¦™à§à¦—à¦¾à¦‡à¦²à§‡-à¦Ÿà¦¿à¦•à¦¾-à¦¨à¦¾-à¦¦à¦¿à§Ÿà§‡-à¦•à§‡à¦¬à¦²-à¦¸à¦¿à¦°à¦¿à¦žà§à¦œ-à¦ªà§à¦¶à§‡à¦°-à¦…à¦­à¦¿à¦¯à§‹à¦—-246031,"7,047","6,593",0:02:25,"6,181",56.53%,63.93%,<$0.01
/bangla/à¦¸à¦‚à¦¬à¦¾à¦¦/à¦¬à¦¾à¦‚à¦²à¦¾à¦¦à§‡à¦¶/à¦…à¦ªà¦°à¦¾à¦§-à¦“-à¦¬à¦¿à¦šà¦¾à¦°/à¦˜à¦°à§‡-à¦¬à¦¸à§‡-à¦Ÿà¦¿à¦•à¦¾-à§¨-à¦œà¦¨-à§§-à¦¦à¦¿à¦¨à§‡à¦°-à¦°à¦¿à¦®à¦¾à¦¨à§à¦¡à§‡-249531,"7,044","6,663",0:01:50,"6,450",56.55%,64.84%,<$0.01
/bangla/à¦¸à¦‚à¦¬à¦¾à¦¦/à¦¬à¦¾à¦‚à¦²à¦¾à¦¦à§‡à¦¶/à¦…à¦ªà¦°à¦¾à¦§-à¦“-à¦¬à¦¿à¦šà¦¾à¦°/à¦•à¦°à§‹à¦¨à¦¾-à¦šà¦¿à¦•à¦¿à§Žà¦¸à¦¾à¦°-à¦¨à¦•à¦²-à¦“à¦·à§à¦§-à¦“-à¦¤à§ˆà¦°à¦¿à¦°-à¦¯à¦¨à§à¦¤à§à¦°à¦ªà¦¾à¦¤à¦¿à¦¸à¦¹-à¦—à§à¦°à§‡à¦ªà§à¦¤à¦¾à¦°-à§®-250976,"6,999","6,596",0:01:40,"6,378",53.27%,61.59%,<$0.01
/business/news/cryptocurrency-trading-not-allowed-all-bangladesh-bank-2140141?amp=,"6,996","6,288",0:02:31,"6,065",68.67%,68.47%,<$0.01
/https://www.thedailystar.net/lifestyle/perspective/news/life-after-lupus-2094225,"6,984","6,797",0:02:15,519,0.20%,56.76%,<$0.01
/https://www.thedailystar.net/bangla/à¦¸à¦‚à¦¬à¦¾à¦¦/à¦¬à¦¾à¦‚à¦²à¦¾à¦¦à§‡à¦¶/à¦¨à¦¿à¦°à§à¦¬à¦¾à¦šà¦¨/à¦¡à¦¿à¦¸à§‡à¦®à§à¦¬à¦°à§‡à¦°-à¦®à¦§à§à¦¯à§‡-à§ªà§§à§¦à§¦à¦°-à¦¬à§‡à¦¶à¦¿-à¦¨à¦¿à¦°à§à¦¬à¦¾à¦šà¦¨-253486,"6,975","6,679",0:00:51,26,0.00%,34.38%,<$0.01
/youth/education/news/regular-classes-pece-ssc-hsc-2169211,"6,968","6,080",0:03:51,"4,928",74.45%,71.77%,$0.01 
/star-youth,"6,960","4,985",0:01:06,"1,374",32.65%,20.88%,$0.03 
/bangla/à¦¸à¦‚à¦¬à¦¾à¦¦/à¦¬à¦¾à¦‚à¦²à¦¾à¦¦à§‡à¦¶/à¦à¦¸à¦à¦¸-à¦ªà¦¾à¦“à¦¯à¦¼à¦¾à¦°-à¦ªà§à¦²à§à¦¯à¦¾à¦¨à§à¦Ÿà§‡à¦°-à¦¨à¦¿à¦–à§‹à¦à¦œ-à¦šà§€à¦¨à¦¾-à¦¶à§à¦°à¦®à¦¿à¦•à§‡à¦°-à¦®à¦°à¦¦à§‡à¦¹-à¦‰à¦¦à§à¦§à¦¾à¦°-249566,"6,953","6,664",0:01:53,"6,240",48.37%,59.97%,<$0.01
/https://www.thedailystar.net/bangla/à¦¬à¦¿à¦¨à§‹à¦¦à¦¨/à¦Ÿà¦¿à¦­à¦¿-à¦“-à¦¸à¦¿à¦¨à§‡à¦®à¦¾/à¦¬à¦²à¦¿à¦‰à¦¡/à¦à¦¬à¦¾à¦°-à¦“à¦Ÿà¦¿à¦Ÿà¦¿-à¦ªà§à¦²à§à¦¯à¦¾à¦Ÿà¦«à¦°à§à¦®à§‡-à¦¶à¦¾à¦¹à¦°à§à¦–-à¦–à¦¾à¦¨-260876,"6,916","6,867",0:00:22,17,0.00%,46.93%,<$0.01
/bangla/à¦…à¦°à§à¦¥à¦¨à§€à¦¤à¦¿/à¦¦à§‡à¦¶à§‡-à¦¬à§ˆà¦¦à§‡à¦¶à¦¿à¦•-à¦®à§à¦¦à§à¦°à¦¾-à¦°à¦¿à¦œà¦¾à¦°à§à¦­à§‡-à¦¨à¦¤à§à¦¨-à¦°à§‡à¦•à¦°à§à¦¡-à§ªà§®à§¦à§ª-à¦¬à¦¿à¦²à¦¿à§Ÿà¦¨-à¦¡à¦²à¦¾à¦°-253721,"6,885","6,316",0:01:45,"5,698",52.46%,57.33%,<$0.01
/tags/internet,"6,878","4,564",0:00:48,"4,339",39.85%,42.67%,$0.02 
/business/news/cryptocurrency-trading-not-allowed-all-bangladesh-bank-2140141,"6,875","6,150",0:02:54,"5,755",51.21%,56.95%,<$0.01
/bangla/à¦¤à¦¾à¦°à§à¦£à§à¦¯/à¦•à§à¦¯à¦¾à¦°à¦¿à§Ÿà¦¾à¦°/à¦¸à¦°à¦•à¦¾à¦°à¦¿-à¦šà¦¾à¦•à¦°à¦¿/à¦¸à¦°à¦•à¦¾à¦°à¦¿-à¦šà¦¾à¦•à¦°à¦¿à¦¤à§‡-à¦¬à§Ÿà¦¸-à¦¬à¦¾à§œà¦¾à¦¨à§‹à¦°-à¦ªà¦°à¦¿à¦•à¦²à§à¦ªà¦¨à¦¾-à¦†à¦ªà¦¾à¦¤à¦¤-à¦¨à§‡à¦‡-260956,"6,846","6,417",0:01:52,"6,179",50.49%,61.58%,<$0.01
/health/what-should-be-the-ph-value-drinking-water-138382,"6,833","6,504",0:02:42,"6,474",59.35%,67.16%,<$0.01
/opinion/society/traffic-jam-the-ugly-side-dhakas-development-1575355?amp=,"6,826","5,864",0:04:15,"5,468",73.08%,70.48%,<$0.01
/supplements/celebrating-50-years-bangladesh/news/golden-jubilee-bangladesh-2066637,"6,804","5,308",0:05:20,"4,232",52.12%,62.68%,<$0.01
/next-step/news/beginners-guide-bcs-1676509?amp=,"6,803","6,346",0:02:18,"6,253",68.80%,68.79%,$0.00 
/lifestyle/tips/oily-scalp-and-hair-loss-1566781,"6,779","6,500",0:02:52,"6,482",56.76%,68.79%,<$0.01
/bangla/à¦¸à§à¦Ÿà¦¾à¦°-à¦®à¦¾à¦²à§à¦Ÿà¦¿à¦®à¦¿à¦¡à¦¿à§Ÿà¦¾/à¦¯à§‡à¦­à¦¾à¦¬à§‡-à¦•à§‹à¦Ÿà¦¿-à¦®à¦¾à¦¨à§à¦·à§‡à¦°-à¦­à¦¾à¦—à§à¦¯-à¦šà¦²à§‡-à¦—à§‡à¦²-à¦¤à¦¾à¦²à§‡à¦¬à¦¾à¦¨à§‡à¦°-à¦¹à¦¾à¦¤à§‡-250551,"6,754","5,832",0:01:44,"4,309",32.93%,35.73%,<$0.01
/bangla/à¦¸à¦‚à¦¬à¦¾à¦¦/à¦¬à¦¾à¦‚à¦²à¦¾à¦¦à§‡à¦¶/à¦­à§‚à¦®à¦¿-à¦…à¦«à¦¿à¦¸-à¦¥à§‡à¦•à§‡-à¦•à¦¾à¦—à¦œ-à¦¯à¦¾à¦¬à§‡-à¦—à§à¦°à¦¾à¦¹à¦•à§‡à¦°-à¦˜à¦°à§‡-258891,"6,752","6,362",0:01:39,"6,136",52.79%,58.41%,<$0.01
/health/10-benefits-carrots-510697?amp=,"6,747","6,309",0:01:59,"6,297",69.46%,69.57%,$0.00 
/city/bangladesh-national-id-card-check-verification-online-service-launched-1772680,"6,732","5,929",0:00:53,"5,566",42.26%,45.81%,<$0.01
/news/bangladesh/transport/news/metro-rail-project-formal-test-run-kicks-today-2163186,"6,713","6,065",0:03:24,"4,197",57.09%,58.90%,$0.02 
/https://www.thedailystar.net/bangla/node/222457,"6,700","6,658",0:03:36,185,0.00%,81.97%,<$0.01
/news/bangladesh/crime-justice/news/woman-found-dead-dhakas-paribagh-2176786,"6,699","5,768",0:02:09,"5,127",37.22%,48.32%,<$0.01
/environment/news/road-dividers-dhaka-exotic-plants-outnumber-local-species-finds-survey-2141886,"6,696","5,900",0:02:44,"5,375",70.70%,73.89%,$0.01 
/opinion/perspective/news/the-use-religion-indian-politics-1766164,"6,692","5,636",0:06:05,"5,608",66.28%,71.50%,<$0.01
/https://www.thedailystar.net/bangla/à¦¬à¦¿à¦¨à§‹à¦¦à¦¨/à¦Ÿà¦¿à¦­à¦¿-à¦“-à¦¸à¦¿à¦¨à§‡à¦®à¦¾/à¦¢à¦¾à¦²à¦¿à¦‰à¦¡/à¦¦à§à¦ƒà¦¸à§à¦¬à¦ªà§à¦¨à§‡à¦°-à§¨à§­-à¦¦à¦¿à¦¨ à¦ªà¦°à§€à¦®à¦¨à¦¿-256831,"6,677","6,621",0:00:49,21,0.00%,41.16%,<$0.01
/news-detail-252290,"6,673","5,966",0:07:59,"5,898",86.48%,88.28%,<$0.01
/https://www.thedailystar.net/bangla/à¦¸à¦‚à¦¬à¦¾à¦¦/à¦¬à¦¾à¦‚à¦²à¦¾à¦¦à§‡à¦¶/à¦…à¦ªà¦°à¦¾à¦§-à¦“-à¦¬à¦¿à¦šà¦¾à¦°/à¦˜à¦°à§‡-à¦¬à¦¸à§‡-à¦Ÿà¦¿à¦•à¦¾-à¦¨à§‡à¦“à§Ÿà¦¾à¦°-à¦…à¦­à¦¿à¦¯à§‹à¦—à§‡-à¦—à§à¦°à§‡à¦ªà§à¦¤à¦¾à¦°-à§¨-248496,"6,666","6,590",0:01:33,52,0.00%,72.82%,<$0.01
/nrb/departure-arrival/airlines-more/news/biman-suspends-official-passenger-misses-flight-2141471,"6,647","6,129",0:02:30,"4,911",47.69%,57.20%,$0.01 
/bangla/à¦–à§‡à¦²à¦¾/à¦•à§à¦°à¦¿à¦•à§‡à¦Ÿ/à¦®à§à¦¶à¦«à¦¿à¦•-à¦–à§à¦¶à¦¿-à¦®à¦¨à§‡à¦‡-à¦®à¦¨à§‡-à¦¨à¦¿à§Ÿà§‡à¦›à§‡-à¦®à¦¾à¦¹à¦®à§à¦¦à¦‰à¦²à§à¦²à¦¾à¦¹-256251,"6,644","6,439",0:02:18,"6,137",60.34%,67.49%,<$0.01
/bangla/à¦¬à¦¾à¦£à¦¿à¦œà§à¦¯/à¦‡à¦­à§à¦¯à¦¾à¦²à¦¿à¦°-à¦šà§‡à¦¯à¦¼à¦¾à¦°à¦®à§à¦¯à¦¾à¦¨-à¦“-à¦à¦®à¦¡à¦¿à¦°-à¦¬à§à¦¯à¦¾à¦‚à¦•-à¦¹à¦¿à¦¸à¦¾à¦¬-à¦¤à¦²à¦¬-254411,"6,641","6,351",0:01:25,"6,011",45.01%,52.70%,<$0.01
/bangla/à¦¸à¦‚à¦¬à¦¾à¦¦/à¦¬à¦¾à¦‚à¦²à¦¾à¦¦à§‡à¦¶/à¦¬à¦¾à¦‚à¦²à¦¾à¦¦à§‡à¦¶-à¦¤à§à¦°à¦¸à§à¦•-à¦¸à¦®à§à¦ªà¦°à§à¦•à§‡-à¦¨à¦¤à§à¦¨-à¦®à¦¾à¦¤à§à¦°à¦¾-257811,"6,637","6,290",0:09:11,"5,874",74.24%,78.97%,<$0.01
/bangla/à¦–à§‡à¦²à¦¾/à¦«à§à¦Ÿà¦¬à¦²/à¦°à¦¾à¦à¦¸à§‡à¦°-à¦¬à¦¿à¦ªà¦•à§à¦·à§‡-à¦¸à§à¦•à§‹à§Ÿà¦¾à¦¡à§‡-à¦¥à¦¾à¦•à¦›à§‡à¦¨-à¦®à§‡à¦¸à¦¿-à¦¨à§‡à¦‡à¦®à¦¾à¦°-à¦“-à¦à¦®à¦¬à¦¾à¦ªà§‡-255251#.YSpQdvv_DmM.facebook,"6,632","6,422",0:03:09,"6,291",60.69%,69.47%,<$0.01
/opinion/the-third-view/news/column-mahfuz-anam-taliban-takeover-afghanistan-its-meaning-and-implications-2156426,"6,632","5,880",0:06:48,"1,679",60.86%,49.76%,$0.03 
/https://www.thedailystar.net/bangla/à¦¸à¦‚à¦¬à¦¾à¦¦/à¦¬à¦¾à¦‚à¦²à¦¾à¦¦à§‡à¦¶/à¦¬à¦¿à¦¶à§à¦¬à§‡-à¦®à§ƒà¦¤à§à¦¯à§-à§ªà§«-à¦²à¦¾à¦–-à¦¶à¦¨à¦¾à¦•à§à¦¤-à§¨à§§-à¦•à§‹à¦Ÿà¦¿-à§­à§¦-à¦²à¦¾à¦–-256116,"6,631","6,590",0:01:40,40,0.00%,78.18%,<$0.01
/business/news/anwar-group-founder-and-chairman-anwar-hossain-no-more-2154991,"6,630","6,070",0:02:37,"3,929",48.91%,49.26%,$0.02 
